file,n,m,ratio1,ratio2,density,avg_clustering,mst_size,tsp_approx,edge_min,edge_max,edge_mean,edge_std,edge_var,edge_q25,edge_q75,between_min,between_max,between_mean,between_std,between_var,between_q25,between_q75,closeness_min,closeness_max,closeness_mean,closeness_std,closeness_var,closeness_q25,closeness_q75,GILS_cost,GILS_time,GRASP_cost,GRASP_time,DBMEA_cost,DBMEA_time,min_method
GILS_20_2.tsp,20,210,0.0952380952380952,10.5,1.105263157894737,0.4437146911757571,19,198015.0,0.0,5227.0,2414.75,1267.089514399042,1605515.8375,1549.25,3325.0,0.0555555555555555,0.0643274853801169,0.057943469785575,0.0028661434605326,8.214778336354203e-06,0.0555555555555555,0.0604288499025341,0.0003125102799434,0.0005382131324004,0.0004065125990711,7.66761756598116e-05,5.879235913814285e-09,0.0003412688108444,0.0004516138991788,153010.0,0.4335591793060303,196210.0,0.0035104751586914,159368.0,0.2483894824981689,GILS_cost
GILS_21_11.tsp,21,231,0.0909090909090909,11.0,1.1,0.4362491067444043,20,220238.0,0.0,6285.0,2872.975056689342,1497.830196883999,2243495.298697559,1792.0,4003.0,0.0526315789473684,0.0684210526315789,0.0560568086883876,0.0044308874206102,1.9632763334122e-05,0.0526315789473684,0.0578947368421052,0.000262991794656,0.0004416375921918,0.0003389430875811,5.0992608441681047e-05,2.600246115686601e-09,0.0002956305800271,0.0003724256079848,183815.0,0.6743943691253662,269644.0,0.0040016174316406,189333.0,0.3036317825317383,GILS_cost
GILS_24_14.tsp,24,300,0.08,12.5,1.0869565217391304,0.4052326011019074,23,268450.0,0.0,5719.0,2403.6319444444443,1226.8182834659008,1505083.1006462192,1545.25,3395.0,0.0454545454545454,0.0573122529644268,0.0482542819499341,0.0038282396512101,1.4655418827097816e-05,0.0454545454545454,0.0508893280632411,0.0002654234080365,0.0005430548013127,0.0004112143716008,7.228209182285552e-05,5.2247007982877165e-09,0.0003571596563673,0.0004718465518124,216809.0,0.8520777225494385,269420.0,0.0050232410430908,220357.0,0.3649411201477051,GILS_cost
GILS_25_16.tsp,25,325,0.0769230769230769,13.0,1.0833333333333333,0.4247277852247852,24,305914.0,0.0,5965.0,2667.584,1381.6560960470592,1908973.5677440003,1664.0,3720.0,0.0434782608695652,0.0621980676328502,0.0478341384863124,0.0058363539586617,3.406302753078642e-05,0.0434782608695652,0.0513285024154589,0.0002888190909419,0.0004711795193968,0.0003682514037226,5.687985222436079e-05,3.23531758906512e-09,0.0003199488081906,0.0004056109514956,229956.0,1.0715796947479248,329641.0,0.0060024261474609,238672.0,0.6330254077911377,GILS_cost
GILS_27_9.tsp,27,378,0.0714285714285714,14.0,1.0769230769230769,0.4436736040674798,26,282441.0,0.0,5122.0,2383.0205761316874,1194.2383277177407,1426205.1833900658,1544.0,3225.0,0.04,0.0538461538461538,0.0422602089268756,0.0035618486365754,1.2686765709874287e-05,0.04,0.0446153846153846,0.0003208806940896,0.0005217321507404,0.0004137539240557,6.359960294154454e-05,4.044909494322121e-09,0.0003576291946287,0.0004689254810816,239255.0,1.2466990947723389,339708.0,0.0070025920867919,239287.0,0.682558536529541,GILS_cost
GILS_29_14.tsp,29,435,0.0666666666666666,15.0,1.0714285714285714,0.3781757908197227,28,361245.0,0.0,5885.0,2328.563614744352,1223.3856585298706,1496672.4694965652,1460.0,3052.0,0.037037037037037,0.0552910052910052,0.0402602931338563,0.0037600075214083,1.4137656561047444e-05,0.037037037037037,0.0423280423280423,0.00027285927283,0.0005675138838218,0.0004322732952265,8.54488905182568e-05,7.301512890801038e-09,0.0003636835952721,0.000498229505863,261312.0,1.4696307182312012,345657.0,0.0085129737854003,270097.0,0.8796002864837646,GILS_cost
GILS_31_5.tsp,31,496,0.0625,16.0,1.0666666666666669,0.4495910699691416,30,423253.0,0.0,5870.0,2802.4370447450574,1405.0389407475027,1974134.425016865,1692.0,3943.0,0.0344827586206896,0.0459770114942528,0.0373839245251926,0.0029217969899692,8.536897650593103e-06,0.0344827586206896,0.0390804597701149,0.0002716628482944,0.0004565445663587,0.0003521506318982,4.94637462507814e-05,2.4466621931616902e-09,0.0003117285784588,0.00038469393989,327939.0,0.9056775569915771,367944.0,0.0105171203613281,338640.0,1.0507261753082275,GILS_cost
GILS_33_6.tsp,33,561,0.0588235294117647,17.0,1.0625,0.4306016550852952,32,424021.0,0.0,5687.0,2582.9586776859505,1279.19511149734,1636340.1332786924,1687.0,3526.0,0.032258064516129,0.0443548387096774,0.0346654913187171,0.0027903190490534,7.785880395510403e-06,0.032258064516129,0.0359543010752688,0.0002977215001442,0.0005103098537643,0.0003847600735624,6.185183829771978e-05,3.825649900807275e-09,0.0003272887197897,0.0004246059126373,371437.0,1.9324822425842283,478774.0,0.0128452777862548,394184.0,1.1988492012023926,GILS_cost
GILS_37_1.tsp,37,703,0.0526315789473684,19.0,1.0555555555555556,0.4074930704330686,36,440288.0,0.0,5784.0,2497.487216946676,1246.087829180735,1552734.878032357,1547.0,3448.0,0.0285714285714285,0.0380952380952381,0.0315405882072548,0.0031163225392627,9.71146616871707e-06,0.0285714285714285,0.0343915343915343,0.0002860911995168,0.0005266930988573,0.0003999114996839,6.472037767943253e-05,4.188727286968389e-09,0.0003495315306568,0.0004399525828882,406204.0,1.7535009384155271,476987.0,0.0186452865600585,415504.0,2.826836109161377,GILS_cost
GILS_37_3.tsp,37,703,0.0526315789473684,19.0,1.0555555555555556,0.3598301687852222,36,566353.0,0.0,6370.0,2426.2878013148284,1218.2734752454771,1484190.2604866924,1504.0,3261.0,0.0285714285714285,0.0392195767195767,0.0312931639122115,0.0030988054844318,9.602595430344948e-06,0.0285714285714285,0.0325396825396825,0.0002599672152456,0.0005369207594445,0.0004122927204766,6.584089318180729e-05,4.335023214978158e-09,0.0003705648025198,0.0004611069127611,420798.0,1.7111921310424805,494790.0,0.0175085067749023,448838.0,2.05223035812378,GILS_cost
GILS_38_18.tsp,38,741,0.0512820512820512,19.5,1.054054054054054,0.3929604738697502,37,540399.0,0.0,5871.0,2446.775623268698,1221.1205809422706,1491135.4732007887,1539.0,3308.0,0.0277777777777777,0.0382739882739882,0.0312008750605241,0.0034015840280436,1.157077389984191e-05,0.0277777777777777,0.0336117367367367,0.000281169971047,0.0005347207168147,0.000409556364668,6.912538304652575e-05,4.7783185813289095e-09,0.0003523988022705,0.0004565795067127,410814.0,2.8282251358032227,579000.0,0.0190365314483642,436397.0,2.530285120010376,GILS_cost
GILS_39_14.tsp,39,780,0.05,20.0,1.0526315789473684,0.4134081013126274,38,629081.0,0.0,5939.0,2610.732412886259,1288.0345959546653,1659033.1203760975,1630.0,3553.0,0.027027027027027,0.0389758179231863,0.029474182105761,0.0028425708506766,8.080209041116366e-06,0.027027027027027,0.0313537221431958,0.0002617783013343,0.0004985306465155,0.0003814467605009,5.5375833982936175e-05,3.0664829893057087e-09,0.0003340472497172,0.0004222382064771,446938.0,2.366546869277954,559344.0,0.0209722518920898,455678.0,2.1561553478240967,GILS_cost
GILS_40_15.tsp,40,820,0.048780487804878,20.5,1.051282051282051,0.3892948195229256,39,665455.0,0.0,6136.0,2557.20875,1318.746594374157,1739092.5801734375,1515.75,3572.75,0.0263157894736842,0.0458116033014818,0.0307530403507124,0.0051911059008532,2.694758047387316e-05,0.0269905533063427,0.03242882848146,0.0002814563562227,0.0005084348030141,0.0003925530630252,6.580136028234408e-05,4.3298190150068496e-09,0.0003475211342327,0.000437195721115,446136.0,2.3602964878082275,519512.0,0.02349853515625,467927.0,2.372754096984864,GILS_cost
GILS_41_9.tsp,41,861,0.0476190476190476,21.0,1.05,0.3966556638680807,40,682589.0,0.0,5953.0,2496.7983343248065,1264.1793058941923,1598149.317451122,1541.0,3424.0,0.0256410256410256,0.0373321123321123,0.0284585976354269,0.0032342773920989,1.0460550249042289e-05,0.0256410256410256,0.0314743589743589,0.0002849510240427,0.0005450630910527,0.0004058337561501,7.848862103766961e-05,6.160463632394912e-09,0.0003438612176125,0.0004629576046573,500424.0,2.670575857162476,592930.0,0.0250849723815917,522920.0,2.7249972820281982,GILS_cost
GILS_42_0.tsp,42,903,0.0465116279069767,21.5,1.048780487804878,0.3710680151232217,41,534959.0,0.0,6460.0,2554.987528344672,1320.194690712854,1742914.021386408,1517.0,3515.0,0.025,0.0392276422764227,0.028558201058201,0.0033464132948584,1.119848194000562e-05,0.0258638211382113,0.0316277100271002,0.0002537803994874,0.0005052496672746,0.0003961465990037,7.236314865928967e-05,5.236425283886457e-09,0.0003342483052574,0.000447273633179,479916.0,2.716843605041504,644622.0,0.0259301662445068,478244.0,2.909294605255127,DBMEA_cost
GILS_43_5.tsp,43,946,0.0454545454545454,22.0,1.0476190476190477,0.4274685971300918,42,578257.0,0.0,5835.0,2666.031368307193,1314.9039308300837,1728972.3473124057,1633.0,3677.0,0.024390243902439,0.033690983168335,0.0272384577910872,0.0030479686432039,9.290112849954785e-06,0.024390243902439,0.0301891488302638,0.0002706604114038,0.0004919933932315,0.00037429718222,5.540315736086117e-05,3.069509845552345e-09,0.0003350404974686,0.0004088371951533,529741.0,3.932642698287964,774347.0,0.0281713008880615,581303.0,3.443941354751587,GILS_cost
GILS_44_2.tsp,44,990,0.0444444444444444,22.5,1.0465116279069768,0.3952888571653072,43,690773.0,0.0,6226.0,2621.251033057851,1317.3817768083409,1735494.7458667017,1631.0,3648.25,0.0238095238095238,0.0355288368577405,0.0273030394915777,0.0029666021402358,8.80072825845192e-06,0.0246862310815799,0.0292081949058693,0.0002584522915101,0.0005052522736352,0.0003852902536796,7.001541886960161e-05,4.902158879485766e-09,0.0003359494283508,0.0004530428240613,541974.0,4.044002294540405,743457.0,0.0303764343261718,531939.0,3.260225534439087,DBMEA_cost
GILS_45_12.tsp,45,1035,0.0434782608695652,23.0,1.0454545454545454,0.37563062560521,44,595232.0,0.0,6197.0,2512.1343209876545,1306.4026890314065,1706687.9859084894,1519.0,3396.0,0.0232558139534883,0.0377026074700493,0.0269432639763858,0.0038069947657818,1.449320914669052e-05,0.0232558139534883,0.0286469344608879,0.0002784722002468,0.0005157539384846,0.0003997935576994,6.368893735572225e-05,4.056280741501112e-09,0.0003527421695246,0.0004351007653818,506882.0,2.9982824325561523,629997.0,0.0305283069610595,528774.0,3.1008193492889404,GILS_cost
GILS_45_18.tsp,45,1035,0.0434782608695652,23.0,1.0454545454545454,0.3843976178626036,44,689066.0,0.0,6373.0,2593.0953086419754,1263.3409581721298,1596030.376595275,1649.0,3526.0,0.0232558139534883,0.0382294736363516,0.0268646380633917,0.004013898383874,1.6111380236066515e-05,0.0232558139534883,0.0298332158797275,0.0002706876080443,0.0005129998834091,0.0003875249358719,6.447852949432449e-05,4.157480765750473e-09,0.0003347687812894,0.0004285742115208,622533.0,3.2956655025482178,769139.0,0.0330550670623779,674186.0,4.193544864654541,GILS_cost
GILS_45_19.tsp,45,1035,0.0434782608695652,23.0,1.0454545454545454,0.3868616402162791,44,733232.0,0.0,6407.0,2650.4345679012345,1346.4999756717682,1813062.1844840725,1586.0,3583.0,0.0232558139534883,0.0329105003523608,0.0265624126089242,0.0031333167808197,9.81767404896686e-06,0.0232558139534883,0.0288935870331219,0.0002550251547539,0.0005034209743484,0.0003817648285957,6.951782580393381e-05,4.8327281045060866e-09,0.0003256268316509,0.0004310598193467,558252.0,3.6367669105529785,719303.0,0.0315527915954589,592410.0,3.042632341384888,GILS_cost
GILS_49_1.tsp,49,1225,0.04,25.0,1.0416666666666667,0.4082817569825287,48,652775.0,0.0,5433.0,2382.935443565181,1194.662374342134,1427218.1886687852,1508.0,3298.0,0.0212765957446808,0.0344731509625126,0.0248892992691842,0.0036968230389594,1.36665005813815e-05,0.0212765957446808,0.0273345153664302,0.0002907610670931,0.0005518319671659,0.0004209252789883,6.466334094015264e-05,4.1813476615424215e-09,0.0003653079241377,0.0004661280298321,527234.0,4.956284046173096,759284.0,0.0403723716735839,567651.0,5.770063877105713,GILS_cost
GILS_50_0.tsp,50,1275,0.0392156862745098,25.5,1.0408163265306123,0.3429831662607583,49,850145.0,0.0,6606.0,2416.6544,1236.626398780424,1529244.85016064,1519.0,3259.0,0.0208333333333333,0.0376523136727218,0.0249181737102655,0.0040120549969483,1.6096585298538575e-05,0.0215419501133786,0.0275386196145124,0.0002728680098455,0.000563140716223,0.0004231041359313,8.53492767368744e-05,7.284499039507571e-09,0.0003524424468739,0.000476993769408,670061.0,4.063950061798096,814493.0,0.0430784225463867,657786.0,6.5915915966033936,DBMEA_cost
GILS_50_10.tsp,50,1275,0.0392156862745098,25.5,1.0408163265306123,0.360904412584005,49,810382.0,0.0,6044.0,2345.0016,1224.0284950921036,1498245.75679744,1409.0,3224.0,0.0208333333333333,0.0315638160025915,0.0241917314544865,0.0030216876780431,9.130596423637651e-06,0.0216836734693877,0.0259920634920634,0.0002973319012858,0.0005644250927269,0.0004321980981861,7.661744364458441e-05,5.8702326706310685e-09,0.0003621892079244,0.0005081661372016,608851.0,6.835645437240601,875013.0,0.0440490245819091,631206.0,6.869442939758301,GILS_cost
GILS_51_7.tsp,51,1326,0.0384615384615384,26.0,1.04,0.4157811003543561,50,779757.0,0.0,6373.0,2862.209150326797,1407.858839311395,1982066.5114272288,1848.0,3978.0,0.0204081632653061,0.0327725947521866,0.0239356010802589,0.0033253840196067,1.1058178877855683e-05,0.0206802721088435,0.0262390670553935,0.0002563708147464,0.0004501787209522,0.0003488525234368,4.7440127314215485e-05,2.250565679588974e-09,0.0003145173553005,0.0003794865557226,658930.0,4.899986505508423,879619.0,0.0460507869720459,644785.0,5.2241857051849365,DBMEA_cost
GILS_53_3.tsp,53,1431,0.037037037037037,27.0,1.0384615384615383,0.3778063675878999,52,848869.0,0.0,6364.0,2570.5724457102174,1266.5604979702382,1604175.495018618,1612.0,3516.0,0.0196078431372549,0.0313994828700711,0.022547912891975,0.0029451235896813,8.673752958497647e-06,0.0196078431372549,0.0247001364648423,0.000266642053554,0.000509584100976,0.0003913512993676,6.096471727491821e-05,3.7166967524107116e-09,0.0003522748828008,0.0004379057997254,773600.0,5.683778285980225,984575.0,0.0526087284088134,735537.0,6.202366352081299,DBMEA_cost
GILS_55_12.tsp,55,1540,0.0357142857142857,28.0,1.037037037037037,0.4115499325190016,54,982931.0,0.0,5971.0,2644.885950413224,1305.6274134281846,1704662.942695171,1687.0,3708.0,0.0188679245283018,0.0284083724335296,0.0218430607643491,0.0027306204427705,7.456288002476205e-06,0.0193892643578178,0.0234742604239459,0.0002628159266451,0.0005,0.0003797979932673,5.746026005327782e-05,3.3016814853903143e-09,0.0003425614709041,0.0004080615467179,703088.0,7.707194805145264,959948.0,0.0574798583984375,725188.0,7.395723819732666,GILS_cost
GILS_55_5.tsp,55,1540,0.0357142857142857,28.0,1.037037037037037,0.369035641834194,54,894237.0,0.0,6406.0,2533.018181818182,1253.78819200582,1571984.8304132232,1592.0,3453.0,0.0188679245283018,0.0283789779596907,0.022296782338711,0.002699191710772,7.285635891500658e-06,0.0197996738877242,0.0240333100395993,0.0002763717507126,0.0005184481119847,0.0003976438201867,6.237900006643328e-05,3.891139649288082e-09,0.0003502505312096,0.0004436834619714,782125.0,7.0097174644470215,1093954.0,0.0572988986968994,790240.0,9.180590629577637,GILS_cost
GILS_55_6.tsp,55,1540,0.0357142857142857,28.0,1.037037037037037,0.3825162014293511,54,898446.0,0.0,6245.0,2555.6343801652893,1242.9778146892806,1544993.84780974,1590.0,3474.0,0.0188679245283018,0.0290472862799906,0.0223500504338677,0.0028720945733258,8.24892723812787e-06,0.01988702539017,0.0239304293811631,0.0002866942034679,0.0005130592583443,0.0003928189328882,5.860352150678574e-05,3.434372732996299e-09,0.0003488748416834,0.00043364589768,743870.0,7.9472572803497314,1147662.0,0.0581417083740234,791262.0,6.925820827484131,GILS_cost
GILS_56_11.tsp,56,1596,0.0350877192982456,28.5,1.0363636363636364,0.4010221822491782,55,933627.0,0.0,5979.0,2568.1772959183672,1249.241785021502,1560605.0374437084,1642.5,3461.25,0.0185185185185185,0.0314478114478114,0.0216668472866733,0.0031074002047756,9.655936032639985e-06,0.0190516273849607,0.022864758698092,0.0002572991078738,0.0005107584298357,0.0003916645045044,6.053606644427069e-05,3.664615340545156e-09,0.0003365309573182,0.0004349615573542,759846.0,6.946732521057129,1096973.0,0.060450792312622,787872.0,6.874708414077759,GILS_cost
GILS_61_11.tsp,61,1891,0.032258064516129,31.0,1.0333333333333334,0.3831845564034165,60,1114888.0,0.0,6390.0,2637.394248857834,1305.6150163756038,1704630.570985468,1618.0,3642.0,0.0169491525423728,0.029804950228679,0.0200758689922346,0.0030730628752673,9.443715435346536e-06,0.0175141242937853,0.0216572504708097,0.0002534789992649,0.0005063761193022,0.0003825442400574,6.10672653710076e-05,3.7292108998930655e-09,0.000328817572011,0.0004245112813873,918319.0,9.065027475357056,1238873.0,0.0788698196411132,917793.0,12.56242561340332,DBMEA_cost
GILS_61_3.tsp,61,1891,0.032258064516129,31.0,1.0333333333333334,0.4050563958033765,60,1071096.0,0.0,5898.0,2558.096748185972,1248.1904041112962,1557979.2849155208,1642.0,3438.0,0.0169491525423728,0.0287126715092816,0.0200523873078749,0.0030026683408212,9.016017164970024e-06,0.0173258003766478,0.0213276836158192,0.0002789607781145,0.0005242372348233,0.0003955636955319,6.736956902870602e-05,4.5386588311135845e-09,0.0003352479717497,0.0004473739151182,915789.0,8.531644344329834,1328515.0,0.0803616046905517,962323.0,11.221095085144045,GILS_cost
GILS_62_1.tsp,62,1953,0.0317460317460317,31.5,1.0327868852459017,0.4092697743683382,61,1081271.0,0.0,5943.0,2616.7523413111344,1280.823600576272,1640509.0957931653,1597.0,3552.0,0.0166666666666666,0.0264602307225258,0.0197888379908475,0.003003513353423,9.02109246419081e-06,0.0171448087431694,0.0221123116410001,0.0002712051288891,0.0005048164454301,0.0003845130768758,5.751738473818922e-05,3.308249547120882e-09,0.0003476392907703,0.0004374474317281,866231.0,11.319061517715454,1394372.0,0.0819089412689209,895482.0,8.979029655456543,GILS_cost
GILS_65_11.tsp,65,2145,0.0303030303030303,33.0,1.03125,0.3702037850336061,64,1084797.0,0.0,6611.0,2634.4336094674554,1299.6783306747225,1689163.7632254334,1662.0,3581.0,0.0158730158730158,0.0268518518518518,0.0192060030721889,0.0027514692971746,7.570583293294909e-06,0.0165934429327286,0.0205616969009826,0.0002579875359771,0.0005068985727637,0.0003840103199068,6.221161326554953e-05,3.870284825102298e-09,0.0003474107045923,0.0004229866825286,959814.0,8.601470947265625,1340747.0,0.0945453643798828,1019145.0,14.723163366317747,GILS_cost
GILS_67_9.tsp,67,2278,0.0294117647058823,34.0,1.0303030303030305,0.3773991377271888,66,1147324.0,0.0,6326.0,2560.348852751169,1231.9225105038363,1517633.0718860754,1618.0,3498.0,0.0153846153846153,0.0251866262392578,0.0183130837729852,0.0025503928957796,6.504503922843162e-06,0.0156565656565656,0.0205009805009805,0.0002778187022499,0.0005179923870815,0.0003927893792378,5.628145324509724e-05,3.167601979380066e-09,0.0003527008378289,0.000431182348803,1060056.0,10.28184938430786,1554061.0,0.1026687622070312,1046960.0,15.232032060623167,DBMEA_cost
GILS_70_5.tsp,70,2485,0.028169014084507,35.5,1.0289855072463767,0.3747956991470041,69,1256694.0,0.0,6247.0,2533.462857142857,1246.6426889556328,1554117.9939265305,1585.0,3462.0,0.0147058823529411,0.0263863516421061,0.0179209389137822,0.0026959493955596,7.268143143418668e-06,0.015633774139293,0.0199257601591361,0.00027780685579,0.0005161850186649,0.0003973369020941,5.5784023956444006e-05,3.111857328773119e-09,0.000363494194246,0.0004358644741047,1031532.0,16.18675708770752,1719553.0,0.1178269386291503,1087062.0,20.30180668830872,GILS_cost
GILS_71_14.tsp,71,2556,0.0277777777777777,36.0,1.0285714285714285,0.3996108069005902,70,1231586.0,0.0,6135.0,2654.846260662567,1310.152487362156,1716499.5401412444,1641.0,3620.0,0.0144927536231884,0.0244168478477076,0.0175978018986182,0.002571811603494,6.614214923866668e-06,0.0152518978605935,0.0194000788721285,0.0002776125322228,0.0004930376046824,0.0003797890434375,5.621333531340133e-05,3.159939067056893e-09,0.0003291514046564,0.0004198368865809,1084548.0,15.73952317237854,1787913.0,0.1214442253112793,1179871.0,18.99885630607605,GILS_cost
GILS_73_0.tsp,73,2701,0.027027027027027,37.0,1.0277777777777777,0.3403465692070482,72,1456856.0,0.0,6756.0,2494.221429911803,1262.5253039543093,1593970.143124921,1500.0,3426.0,0.0140845070422535,0.0308013494793128,0.0177514120904182,0.0034196469553376,1.169398529914986e-05,0.0154212310902451,0.0191313156765289,0.000263862879257,0.0005239945853892,0.0004059080884631,6.363715075822067e-05,4.049686956624507e-09,0.0003619327207286,0.0004483662654203,1090905.0,13.69534993171692,1620982.0,0.1329336166381836,1158581.0,17.596094608306885,GILS_cost
GILS_74_14.tsp,74,2775,0.0266666666666666,37.5,1.0273972602739727,0.3527523736612129,73,1287581.0,0.0,6560.0,2487.258582907232,1221.1703144063,1491256.936787181,1575.0,3355.0,0.0138888888888888,0.0254277621316794,0.0170909904618041,0.0028919530476537,8.36339242983388e-06,0.0143550228310502,0.0187521580559789,0.0002645636873654,0.0005386579300777,0.000408772397782,7.003365071303379e-05,4.904712232195218e-09,0.0003518467671187,0.0004665993976022,1139405.0,19.151161193847656,1851132.0,0.1408925056457519,1203190.0,23.88725233078003,GILS_cost
GILS_81_13.tsp,81,3321,0.024390243902439,41.0,1.025,0.3589301842093913,80,1511044.0,0.0,6719.0,2609.433927754915,1284.1512208915706,1649044.3581173115,1618.0,3548.0,0.0126582278481012,0.0237195136087541,0.0160129720426142,0.0025957971811577,6.738163005706519e-06,0.013743846694796,0.0174864376130198,0.000251093039387,0.0005094762584063,0.0003881954959013,6.006127325252413e-05,3.607356544714371e-09,0.0003435776743227,0.0004331840653241,1308237.0,21.11122155189514,2193057.0,0.184267520904541,1367079.0,37.37011170387268,GILS_cost
GILS_84_17.tsp,84,3570,0.0235294117647058,42.5,1.0240963855421688,0.3680851009956021,83,1683704.0,0.0,6558.0,2598.297335600907,1271.0141478477658,1615476.9640291822,1604.0,3548.0,0.0121951219512195,0.0246042652539515,0.0152150468469661,0.0026805874282257,7.185548960361903e-06,0.0127828386717602,0.0176457545947701,0.0002639949109414,0.0005134295859159,0.0003917633456298,6.722812881012336e-05,4.519621303310538e-09,0.0003399199335256,0.0004547032898075,1551355.0,20.88796615600586,2277115.0,0.2010505199432373,1556760.0,35.11220026016235,GILS_cost
GILS_84_8.tsp,84,3570,0.0235294117647058,42.5,1.0240963855421688,0.3496197433235127,83,1675452.0,0.0,6791.0,2553.5853174603176,1230.649240825923,1514497.5539454208,1653.75,3459.25,0.0121951219512195,0.0228122203167067,0.0152214485907329,0.0026584967654258,7.067605051779831e-06,0.0128367127044764,0.0170845904022512,0.0002600600958149,0.0005256191857335,0.0003972321238626,6.428933074822023e-05,4.133118048054054e-09,0.0003553583170187,0.0004348681963217,1506701.0,23.40930438041687,2360789.0,0.2002172470092773,1493093.0,32.74043655395508,DBMEA_cost
GILS_88_7.tsp,88,3916,0.0224719101123595,44.5,1.0229885057471264,0.3685166741771702,87,1879370.0,0.0,6369.0,2527.121900826446,1257.9909309904576,1582541.1824542382,1548.0,3416.0,0.0116279069767441,0.022022131868922,0.0149547006315379,0.002809823923102,7.895110478836393e-06,0.0123642774404602,0.0170374507283087,0.0002764493732225,0.0005416645913234,0.0004059598739287,7.737035925619948e-05,5.986172491433372e-09,0.0003439821894731,0.0004765372676342,1605836.0,23.633284091949463,2308691.0,0.2352762222290039,1548065.0,35.046226024627686,DBMEA_cost
GILS_90_17.tsp,90,4095,0.0219780219780219,45.5,1.0224719101123596,0.335466773545562,89,1722848.0,0.0,6595.0,2392.037037037037,1195.1417832562995,1428363.882085048,1466.0,3211.0,0.0113636363636363,0.0234649586028544,0.0148628998845266,0.0030157559417057,9.094783899933407e-06,0.012272301668369,0.0168391914707538,0.000262086146833,0.0005601994058109,0.0004267433127739,7.438220759316329e-05,5.532712806432438e-09,0.0003711434813043,0.0004932228746304,1546681.0,26.13038420677185,2303551.0,0.247147798538208,1490086.0,36.33051633834839,DBMEA_cost
GILS_92_10.tsp,92,4278,0.021505376344086,46.5,1.021978021978022,0.3693363241264114,91,2023084.0,0.0,6411.0,2551.570888468809,1250.735048034256,1564338.1603812522,1615.0,3446.25,0.0111111111111111,0.0204487664011473,0.0142389731750356,0.0026728998519981,7.144393618811733e-06,0.0119149369149369,0.0158855650522317,0.0002693271851757,0.0005308134278297,0.0004001740690915,7.127557777468036e-05,5.0802079871145104e-09,0.0003462319910821,0.0004682440323047,1705719.0,31.14491868019104,2777649.0,0.2634298801422119,1810713.0,50.39236831665039,GILS_cost
GILS_92_6.tsp,92,4278,0.021505376344086,46.5,1.021978021978022,0.3657354952472644,91,2064900.0,0.0,6650.0,2629.585775047259,1283.841298189748,1648248.4789375372,1636.5,3576.5,0.0111111111111111,0.0229062135944726,0.0142755879876502,0.0026077459038914,6.800338699262507e-06,0.012020757020757,0.0158741297606843,0.0002682134625473,0.000505757858699,0.0003859475730272,6.095108866276714e-05,3.7150352091764995e-09,0.0003397516488565,0.000438378536529,1795489.0,27.24412441253662,2849186.0,0.2626190185546875,1877579.0,44.62848973274231,GILS_cost
GILS_93_2.tsp,93,4371,0.0212765957446808,47.0,1.0217391304347827,0.3935496067707085,92,1896193.0,0.0,6110.0,2596.125101167765,1253.913026665526,1572297.8784415002,1631.0,3525.0,0.0109890109890109,0.0217568653254673,0.014106382907137,0.002605103129271,6.78656231413793e-06,0.0116260551043159,0.0159435847917762,0.0002893336520196,0.00051069120945,0.0003901700545332,6.00705716057241e-05,3.608473573038426e-09,0.0003381383279794,0.0004360375561042,1739561.0,32.977981090545654,2886143.0,0.2710697650909424,1714584.0,39.608715772628784,DBMEA_cost
GILS_95_16.tsp,95,4560,0.0208333333333333,48.0,1.0212765957446808,0.3865289011671606,94,1665710.0,0.0,6065.0,2540.5939058171743,1241.8084976732962,1542088.344893609,1601.0,3442.0,0.010752688172043,0.0247539196157716,0.0140390250020059,0.002799482491695,7.837102221306846e-06,0.0116743471582181,0.0164158764756179,0.0002737404300054,0.0005350607066216,0.0004008601577457,6.88095507899852e-05,4.734754279919553e-09,0.0003485309294849,0.0004534517939153,1610347.0,35.32762551307678,2936588.0,0.2917065620422363,1636609.0,43.26354646682739,GILS_cost
GILS_95_5.tsp,95,4560,0.0208333333333333,48.0,1.0212765957446808,0.3764258093646767,94,1938745.0,0.0,6512.0,2659.904265927978,1302.9047199560453,1697560.709283741,1657.0,3637.0,0.010752688172043,0.0211225151412482,0.0139825546438512,0.0026003871648253,6.762013406988385e-06,0.011574664182763,0.0158734698027766,0.000273717314076,0.000504589618337,0.0003811369789159,5.9786702601450686e-05,3.57444980795431e-09,0.0003358683294699,0.0004214282149406,1649249.0,34.14369559288025,3145157.0,0.2882204055786133,1748931.0,52.978267192840576,GILS_cost
GILS_97_12.tsp,97,4753,0.0204081632653061,49.0,1.0208333333333333,0.3864912268481831,96,1959628.0,0.0,6189.0,2593.8966946540545,1274.7491843512876,1624985.483004273,1611.0,3588.0,0.0105263157894736,0.0206372986360829,0.0139286379028886,0.0026726595853269,7.1431092590401e-06,0.0114035087719298,0.01539880348877,0.0002636276259783,0.0005186918160156,0.0003917739924494,6.395241634717732e-05,4.089911556642712e-09,0.0003401625693612,0.0004346113623708,1707445.0,30.193240642547607,2963843.0,0.3069081306457519,1895763.0,60.74000334739685,GILS_cost
GILS_98_14.tsp,98,4851,0.0202020202020202,49.5,1.0206185567010309,0.3906611434934295,97,2008887.0,0.0,6178.0,2608.195751770096,1263.5391625610816,1596531.2153255595,1662.0,3517.0,0.0104166666666666,0.0221737947739557,0.0136074582657953,0.0027651954730097,7.646306003953767e-06,0.0111255573964981,0.0155489940686461,0.0002752788262337,0.0005177751681434,0.0003902449604867,6.584316593812008e-05,4.335322500754816e-09,0.0003374501953712,0.0004468260237817,1746417.0,29.09451699256897,3057246.0,0.328920841217041,1836888.0,43.409621238708496,GILS_cost
DBMEA_21_4.tsp,21,231,0.0909090909090909,11.0,1.1,0.410978382742788,20,205335.0,0.0,4961.0,2120.4444444444443,1152.7451617384097,1328821.4079113123,1365.0,2880.0,0.0526315789473684,0.0684210526315789,0.0564745196324143,0.0047776345458421,2.2825791853624605e-05,0.0526315789473684,0.0578947368421052,0.000307049864898,0.0006264094211976,0.0004703810610948,9.967094860551312e-05,9.93429799592284e-09,0.0003766194636938,0.0005634120232125,138466.0,0.6673896312713623,212822.0,0.0040011405944824,139846.0,0.3929011821746826,GILS_cost
DBMEA_22_1.tsp,22,253,0.0869565217391304,11.5,1.0952380952380951,0.4102305421835304,21,240658.0,0.0,5267.0,2231.46694214876,1172.152065127734,1373940.4637832115,1462.0,3007.0,0.05,0.0714285714285714,0.054076479076479,0.0057045344013791,3.254171273651796e-05,0.05,0.0575396825396825,0.0002898510717588,0.000585300593662,0.0004433344670727,8.143253496479368e-05,6.631257750792346e-09,0.000384122236079,0.0005258279845124,181428.0,0.5871903896331787,208834.0,0.0035030841827392,171961.0,0.308013916015625,DBMEA_cost
DBMEA_22_15.tsp,22,253,0.0869565217391304,11.5,1.0952380952380951,0.3670772677030172,21,227910.0,0.0,5721.0,2167.698347107438,1151.5661613131767,1326104.6238815656,1359.0,2887.0,0.05,0.0658730158730158,0.0543290043290043,0.0049663154081826,2.46642887335528e-05,0.05,0.0571428571428571,0.0002885011677428,0.0006146101615546,0.0004604539249336,9.582826607714222e-05,9.183056579351564e-09,0.0003940847531093,0.0005466288867869,175519.0,0.5035316944122314,208779.0,0.0042464733123779,175083.0,0.3252222537994385,DBMEA_cost
DBMEA_25_2.tsp,25,325,0.0769230769230769,13.0,1.0833333333333333,0.428445010855049,24,264210.0,0.0,4962.0,2215.7088,1121.065205598033,1256787.19520256,1384.0,3012.0,0.0434782608695652,0.0646135265700483,0.0480657925005751,0.005464126460877,2.9856677980456505e-05,0.0434782608695652,0.0507246376811594,0.0003369177639891,0.0005807481972608,0.0004450946120031,7.23732953538458e-05,5.237893880374997e-09,0.0003928115486595,0.0005077323404345,207623.0,0.747025728225708,239845.0,0.0055038928985595,205299.0,0.6951055526733398,DBMEA_cost
DBMEA_26_12.tsp,26,351,0.074074074074074,13.5,1.08,0.4410055547276518,25,251036.0,0.0,5120.0,2361.7455621301774,1185.232034954122,1404774.9766814888,1600.0,3333.0,0.0416666666666666,0.0544444444444444,0.0456410256410256,0.004489759128253,2.015793702973189e-05,0.0416666666666666,0.0481944444444444,0.0003122346005894,0.0005411723958784,0.0004163899656373,6.285541319176748e-05,3.950802967507817e-09,0.0003605495395758,0.0004575705238693,212688.0,0.893197774887085,258740.0,0.0075054168701171,204822.0,0.5214576721191406,DBMEA_cost
DBMEA_27_12.tsp,27,378,0.0714285714285714,14.0,1.0769230769230769,0.4480725553770943,26,336201.0,0.0,4950.0,2314.647462277092,1158.5037606795452,1342130.963508649,1411.0,3179.0,0.04,0.0563589743589743,0.0429819563152896,0.0042335385613368,1.79228487503258e-05,0.04,0.0441025641025641,0.0003171427874411,0.0005384583523174,0.0004257422624547,6.440600011300344e-05,4.1481328505562e-09,0.0003858976431228,0.0004814498605414,243985.0,1.0287528038024902,262931.0,0.0073254108428955,239374.0,0.7193832397460938,DBMEA_cost
DBMEA_28_12.tsp,28,406,0.0689655172413793,14.5,1.0740740740740742,0.3519857574907897,27,294070.0,0.0,5788.0,2135.673469387755,1163.5513681118262,1353851.7862349022,1304.0,2841.0,0.0384615384615384,0.0518111518111518,0.0424554722173769,0.0042380911501068,1.7961416596614213e-05,0.0384615384615384,0.0448842309953421,0.0003103840715492,0.0006297963658417,0.0004726427548518,9.720019766773317e-05,9.447878426646396e-09,0.0003909390084505,0.0005572077013925,231747.0,0.7427871227264404,233344.0,0.0090119838714599,234763.0,0.6938560009002686,GILS_cost
DBMEA_28_15.tsp,28,406,0.0689655172413793,14.5,1.0740740740740742,0.4377310158737169,27,297803.0,0.0,5128.0,2338.7270408163267,1158.1791873821255,1341379.0300851208,1480.75,3192.5,0.0384615384615384,0.0522317188983855,0.041005291005291,0.00395693225055,1.565731283544336e-05,0.0384615384615384,0.0413105413105413,0.0003037222853414,0.0005518650996423,0.0004223117822354,6.606177842498935e-05,4.3641585686723875e-09,0.0003669739038564,0.0004828334758328,270409.0,1.0539922714233398,285719.0,0.0084214210510253,269093.0,0.8978922367095947,DBMEA_cost
DBMEA_29_7.tsp,29,435,0.0666666666666666,15.0,1.0714285714285714,0.3712480194669984,28,389871.0,0.0,5814.0,2259.167657550536,1183.9831307650163,1401816.05393613,1411.0,3049.0,0.037037037037037,0.0537918871252204,0.0408322545706234,0.0047076278502462,2.216175997641428e-05,0.037037037037037,0.0427689594356261,0.0003016558752868,0.0005925549700548,0.0004459834267212,8.866565508218996e-05,7.861598391153876e-09,0.000383435582822,0.0005106134656065,291018.0,1.143317461013794,346754.0,0.0100128650665283,288280.0,1.055997610092163,DBMEA_cost
DBMEA_31_18.tsp,31,496,0.0625,16.0,1.0666666666666669,0.3817663613828313,30,396346.0,0.0,5720.0,2284.9344432882413,1174.157400573477,1378645.6013214646,1416.0,3061.0,0.0344827586206896,0.050191570881226,0.0384663441448758,0.0042657978808284,1.819703156008031e-05,0.0344827586206896,0.0405172413793103,0.0002839295854628,0.00058119260723,0.0004396739011857,8.25287268564242e-05,6.810990756542273e-09,0.0003779464061197,0.0005097431753538,324955.0,1.766667127609253,405934.0,0.0115084648132324,306150.0,1.1008734703063965,DBMEA_cost
DBMEA_31_7.tsp,31,496,0.0625,16.0,1.0666666666666669,0.3886306152579392,30,379221.0,0.0,5402.0,2221.1113423517168,1156.8509541694273,1338304.1301627145,1355.0,3057.0,0.0344827586206896,0.0519540229885057,0.0381093631371718,0.0043414876541041,1.884851505073867e-05,0.0344827586206896,0.0397509578544061,0.0003124349093938,0.000575010062676,0.0004483217266599,7.368061752600739e-05,5.428833399013787e-09,0.000403802259316,0.000503217828125,272174.0,1.1060876846313477,293578.0,0.009505271911621,270712.0,0.8522768020629883,DBMEA_cost
DBMEA_34_4.tsp,34,595,0.0571428571428571,17.5,1.0606060606060606,0.3546402935103757,33,422861.0,0.0,5458.0,2038.0519031141869,1087.0072215621256,1181584.699728212,1202.0,2759.0,0.03125,0.0419823232323232,0.0346980837789661,0.0038142392304851,1.4548420907371569e-05,0.03125,0.0387468434343434,0.0003054763579812,0.0006681108659121,0.0004999195594522,0.0001048952135732,1.1003005830586088e-08,0.0004266352856979,0.0005842046859565,317479.0,1.9154984951019287,379999.0,0.013514757156372,317484.0,1.34747052192688,GILS_cost
DBMEA_41_12.tsp,41,861,0.0476190476190476,21.0,1.05,0.4024676517570092,40,515901.0,0.0,5519.0,2349.200475907198,1169.0074964404037,1366578.52673386,1506.0,3213.0,0.0256410256410256,0.0356898656898656,0.0287838629302043,0.0031114596594172,9.681181212180663e-06,0.0256410256410256,0.0305555555555555,0.0002626119383387,0.0005560730123865,0.0004272983538187,7.004344178975875e-05,4.9060837377553244e-09,0.0003823726221202,0.0004684498992832,497119.0,2.3853626251220703,527958.0,0.0249226093292236,474981.0,3.175154209136963,DBMEA_cost
DBMEA_41_14.tsp,41,861,0.0476190476190476,21.0,1.05,0.3847925622723022,40,528305.0,0.0,5371.0,2222.454491374182,1174.4602098472008,1379356.7845143308,1300.0,3086.0,0.0256410256410256,0.0425171904119272,0.0294411440078962,0.0041543069839885,1.7258266517216357e-05,0.0261538461538461,0.031025641025641,0.0003146336091621,0.0006014766251146,0.0004570718744521,8.803351826162852e-05,7.749900337520482e-09,0.0003836268078413,0.0005404090896808,376483.0,3.014567375183105,526722.0,0.0250203609466552,396502.0,2.919830799102783,GILS_cost
DBMEA_41_6.tsp,41,861,0.0476190476190476,21.0,1.05,0.4037788217418925,40,535185.0,0.0,5400.0,2313.973825104105,1161.4901004013516,1349059.253330342,1500.0,3132.0,0.0256410256410256,0.0369261294261294,0.0289495791020181,0.003413252287458,1.1650291177837792e-05,0.0256410256410256,0.0318376068376068,0.0003010257452268,0.0005827420929182,0.0004363765541367,8.246026231495798e-05,6.7996948610516814e-09,0.0003677281753327,0.0005093205663644,459810.0,2.518167018890381,547029.0,0.0234992504119873,456683.0,3.2397119998931885,DBMEA_cost
DBMEA_41_8.tsp,41,861,0.0476190476190476,21.0,1.05,0.4147772984499805,40,542259.0,0.0,5450.0,2399.489589530041,1183.7903994107032,1401359.7097369523,1543.0,3243.0,0.0256410256410256,0.0362606837606837,0.0287071131911657,0.0030268922587339,9.162076745983244e-06,0.0256410256410256,0.0309218559218559,0.0003103325212965,0.0005519296841582,0.0004167106026948,6.629788129761773e-05,4.3954090645530115e-09,0.0003646474315146,0.0004643118318262,473171.0,2.756749391555786,596174.0,0.025893211364746,454464.0,3.0133538246154785,DBMEA_cost
DBMEA_42_9.tsp,42,903,0.0465116279069767,21.5,1.048780487804878,0.4119951841375529,41,572457.0,0.0,5283.0,2307.7891156462583,1124.7741586241843,1265116.907908742,1460.0,3112.0,0.025,0.0376016260162601,0.0282594528326235,0.0031949940386157,1.0207986906789891e-05,0.025,0.0298780487804878,0.0003048621799876,0.0005718270571827,0.000432950077001,6.539182585272526e-05,4.2760908883531495e-09,0.0003863947747898,0.0004815556522553,428651.0,3.189655303955078,611067.0,0.0264227390289306,425806.0,3.07570219039917,DBMEA_cost
DBMEA_43_1.tsp,43,946,0.0454545454545454,22.0,1.0476190476190477,0.3977214455141341,42,510862.0,0.0,5270.0,2233.686316928069,1145.7791443029682,1312809.847519642,1412.0,3021.0,0.024390243902439,0.0357971039155708,0.0284231055987801,0.0041738564365036,1.7421077552542616e-05,0.024390243902439,0.0327486602312386,0.0003185848763207,0.0006025738511642,0.0004541458557924,8.84302390731592e-05,7.819907182536091e-09,0.0003694362271277,0.0005322008905848,456147.0,4.289938688278198,654343.0,0.0283679962158203,446809.0,3.350667715072632,DBMEA_cost
DBMEA_43_2.tsp,43,946,0.0454545454545454,22.0,1.0476190476190477,0.4086461038437088,42,591863.0,0.0,5545.0,2402.199026500811,1177.3967509372085,1386263.109117495,1587.0,3208.0,0.024390243902439,0.0340329627786073,0.0277017368703617,0.0032342528670896,1.0460391608277544e-05,0.024390243902439,0.0311998783253138,0.000306126911471,0.0005580060583514,0.0004185171703408,7.23440827822455e-05,5.233666313604391e-09,0.0003601219648834,0.0004626187628107,504204.0,2.9313771724700928,601712.0,0.0285472869873046,497584.0,3.332665205001831,DBMEA_cost
DBMEA_44_12.tsp,44,990,0.0444444444444444,22.5,1.0465116279069768,0.4025851948974868,43,587416.0,0.0,5589.0,2396.4555785123966,1185.0033807924522,1404233.0124895414,1483.0,3259.75,0.0238095238095238,0.0317460317460317,0.0267300400417283,0.0024885588686603,6.192925242788286e-06,0.0238095238095238,0.0285264046891953,0.0003068951489155,0.0005427305658281,0.0004188269138797,6.729325805305601e-05,4.528382579395187e-09,0.0003647794663368,0.000485326040384,547325.0,3.8615684509277344,704513.0,0.0285255908966064,509073.0,3.710521936416626,DBMEA_cost
DBMEA_46_3.tsp,46,1081,0.0425531914893617,23.5,1.0444444444444445,0.3502100520044668,45,682855.0,0.0,6170.0,2302.2381852551985,1170.0548982876464,1369028.4650069147,1444.0,3049.0,0.0227272727272727,0.033543771043771,0.0265429048943541,0.0035891774277349,1.2882194607761758e-05,0.0228198653198653,0.0296398508898508,0.0002822183617537,0.0005891594658287,0.0004417511806174,8.524105882307858e-05,7.266038109279542e-09,0.0003742762221358,0.0005172333055993,531491.0,4.160711050033569,665022.0,0.0334727764129638,509927.0,3.4925339221954346,DBMEA_cost
DBMEA_46_5.tsp,46,1081,0.0425531914893617,23.5,1.0444444444444445,0.3962613030701211,45,614435.0,0.0,5549.0,2339.265595463138,1176.7861420691715,1384825.6241660442,1476.0,3174.0,0.0227272727272727,0.036026936026936,0.0262595471307592,0.0034069095832719,1.160703290859044e-05,0.0229377104377104,0.0283750200416867,0.000287889450451,0.0005425805129194,0.0004326185849094,7.773361169479774e-05,6.0425143871175965e-09,0.0003713973634768,0.0005173195056883,556542.0,3.286996603012085,673432.0,0.0341041088104248,535520.0,3.4574341773986816,DBMEA_cost
DBMEA_49_14.tsp,49,1225,0.04,25.0,1.0416666666666667,0.382668855326397,48,850778.0,0.0,5822.0,2376.65889212828,1180.051428656533,1392521.3742743246,1470.0,3254.0,0.0212765957446808,0.0333481087470449,0.0243770633886786,0.0032487523505511,1.0554391835211692e-05,0.0218676122931442,0.0258569739952718,0.0002805836139169,0.0005470895973192,0.0004239824995926,6.884522292953503e-05,4.7396647202173765e-09,0.0003709886848451,0.0004727014890096,581375.0,5.394660949707031,902802.0,0.040431261062622,581654.0,5.892221450805664,GILS_cost
DBMEA_50_14.tsp,50,1275,0.0392156862745098,25.5,1.0408163265306123,0.3676472038698921,49,754595.0,0.0,5792.0,2274.4968,1137.2810686852042,1293408.2291897603,1400.0,3064.0,0.0208333333333333,0.0325983965014577,0.0238588840298023,0.0031195990112229,9.731897990823498e-06,0.0208333333333333,0.0257062547241118,0.0002775889417629,0.0005793400253017,0.000444102795096,7.559614630762578e-05,5.714777336563962e-09,0.0003987008040373,0.0005183023382953,601138.0,5.465893983840942,824595.0,0.0426361560821533,575672.0,5.848089933395386,DBMEA_cost
DBMEA_50_9.tsp,50,1275,0.0392156862745098,25.5,1.0408163265306123,0.4048757235790068,49,728685.0,0.0,5514.0,2376.2544,1180.029134928727,1392468.75928064,1461.0,3246.0,0.0208333333333333,0.0336633462908973,0.024522183079581,0.0035466613160063,1.2578806490455933e-05,0.0215419501133786,0.0267983681567865,0.0002985056441934,0.0005489335006273,0.000425460930917,7.409463112582764e-05,5.490014361672465e-09,0.0003637819894499,0.0004878868839881,703212.0,4.949411630630493,840549.0,0.0424079895019531,642196.0,6.273703098297119,DBMEA_cost
DBMEA_53_0.tsp,53,1431,0.037037037037037,27.0,1.0384615384615383,0.3790750307154515,52,869451.0,0.0,5892.0,2376.1167675329298,1171.3961725775428,1372168.9931293165,1509.0,3220.0,0.0196078431372549,0.0307315233785822,0.023030269048582,0.0031566702546277,9.964567096451814e-06,0.020329996800585,0.0250125691302161,0.00029168910429,0.0005578022590991,0.0004262944023139,7.513781731730826e-05,5.645691591209189e-09,0.0003697541135145,0.0004893749176532,772677.0,5.541385173797607,1012374.0,0.0518708229064941,713720.0,7.287235498428345,DBMEA_cost
DBMEA_54_7.tsp,54,1485,0.0363636363636363,27.5,1.0377358490566038,0.3943020765512796,53,885226.0,0.0,5486.0,2322.786008230453,1171.3336270539369,1372022.4658673308,1415.0,3202.0,0.0192307692307692,0.0314102564102564,0.0225111647805568,0.0031456505449685,9.895117351060954e-06,0.0195694242864054,0.0248501105812426,0.0002954868564101,0.0005737731539119,0.0004342654263253,7.159009250293372e-05,5.125141344578607e-09,0.0003787971778464,0.0004980241199199,671335.0,5.99069881439209,936984.0,0.0556893348693847,639887.0,6.213387727737427,DBMEA_cost
DBMEA_58_19.tsp,58,1711,0.0338983050847457,29.5,1.0350877192982455,0.3673316650491682,57,906421.0,0.0,5943.0,2339.123662306777,1174.9093856015863,1380412.064374697,1438.0,3175.0,0.0178571428571428,0.0302281000119345,0.0212527315286908,0.0032094971797994,1.0300872147140616e-05,0.0183270676691729,0.0233093608563533,0.0002755033978752,0.0005735964497398,0.0004344626642498,7.831902055234651e-05,6.1338689802788745e-09,0.0003732558077225,0.0004958523865176,731035.0,7.3048341274261475,984026.0,0.0658149719238281,773643.0,6.786006927490234,GILS_cost
DBMEA_61_8.tsp,61,1891,0.032258064516129,31.0,1.0333333333333334,0.3927860308198143,60,811011.0,0.0,5483.0,2317.29158828272,1162.106709818782,1350492.005005835,1430.0,3133.0,0.0169491525423728,0.0280320150659133,0.0201731459601701,0.0026797582582416,7.181104322614347e-06,0.0176755447941888,0.0221696790340858,0.0002965247301624,0.0005615874204417,0.0004364274557767,7.046600258827408e-05,4.9654575207706495e-09,0.0003734850512608,0.0004847740548925,848001.0,9.430933713912964,1147740.0,0.0773849487304687,761154.0,9.453534603118896,DBMEA_cost
DBMEA_62_17.tsp,62,1953,0.0317460317460317,31.5,1.0327868852459017,0.3413777289795505,61,1027113.0,0.0,6263.0,2297.535379812696,1143.2938872573611,1307120.9126400482,1413.0,3121.0,0.0166666666666666,0.0286885245901639,0.02012982659466,0.0029827482934554,8.896787382111242e-06,0.0176502732240437,0.0222284022898777,0.0002794626986017,0.0005741284541826,0.0004403231853438,7.051364552008729e-05,4.972174204532526e-09,0.0004067514458834,0.0004697855361455,854636.0,11.994263172149658,1225544.0,0.0818457603454589,841557.0,8.49226188659668,DBMEA_cost
DBMEA_63_4.tsp,63,2016,0.03125,32.0,1.032258064516129,0.3730803516379201,62,1081597.0,0.0,5947.0,2381.7868480725624,1181.9293304680175,1396956.9422205768,1532.0,3223.0,0.0163934426229508,0.0323880040957676,0.0203371980492039,0.0038307946253804,1.4674987461843583e-05,0.0168781949585757,0.0230183912098243,0.0002763970309609,0.0005622511811809,0.000425658558697,7.322050883610734e-05,5.361242914218473e-09,0.0003692788852333,0.0004884897095094,898491.0,11.810758113861084,1407802.0,0.0870301723480224,866407.0,9.96854329109192,DBMEA_cost
DBMEA_64_18.tsp,64,2080,0.0307692307692307,32.5,1.031746031746032,0.3707453324838344,63,1113101.0,0.0,5707.0,2259.80859375,1137.4454440404318,1293782.138168335,1399.5,3034.0,0.0161290322580645,0.0288098513001377,0.0198716846192939,0.0034720596342873,1.2055198104047346e-05,0.016747738521932,0.0223050179124544,0.0003042669822027,0.0006019836795535,0.0004540242793991,9.076387351189698e-05,8.238080734883634e-09,0.000379161938307,0.0005397434299919,877776.0,11.782537937164308,1439442.0,0.0915663242340087,896650.0,15.150765657424929,GILS_cost
DBMEA_68_13.tsp,68,2346,0.0289855072463768,34.5,1.0298507462686568,0.3923261883918714,67,1228442.0,0.0,5627.0,2359.4329584775087,1146.4213816305764,1314281.9842597595,1506.5,3186.0,0.0151515151515151,0.0302588787663414,0.01888372607508,0.0033778692158835,1.1410000439613944e-05,0.0162529439636551,0.0209007498356209,0.0003048114718299,0.0005668886275372,0.0004300636167084,7.330910681628104e-05,5.374225142200903e-09,0.000365103245364,0.000491750464847,1060123.0,13.836514472961426,1586421.0,0.108438491821289,1045830.0,17.51147961616516,DBMEA_cost
DBMEA_71_4.tsp,71,2556,0.0277777777777777,36.0,1.0285714285714285,0.3705497354533826,70,1174673.0,0.0,5697.0,2274.199960325332,1159.8438201129295,1345237.6870541542,1401.0,3083.0,0.0144927536231884,0.0247841439100389,0.0183559500436497,0.0030317695984757,9.191626898241564e-06,0.0153381642512077,0.0204808291559727,0.0002855417951604,0.0005906674542232,0.0004493508050126,8.199570056160354e-05,6.7232949105881515e-09,0.0003824111738566,0.0005264381930999,1062416.0,15.257486820220947,1471950.0,0.1206014156341552,1008566.0,16.03466486930847,DBMEA_cost
DBMEA_73_19.tsp,73,2701,0.027027027027027,37.0,1.0277777777777777,0.3587411821675261,72,1211141.0,0.0,6114.0,2351.9358228560704,1153.568287029998,1330719.792841324,1505.0,3151.0,0.0140845070422535,0.0240237722632088,0.0172500294720768,0.0026383806534846,6.961052472682207e-06,0.0146713615023474,0.0191940644992288,0.0002893111581688,0.0005734036283707,0.0004326393120993,7.467605400736488e-05,5.576513042110876e-09,0.0003783102143757,0.0004944206008583,1189770.0,19.13118290901184,1818912.0,0.1340107917785644,1124827.0,20.9100878238678,DBMEA_cost
DBMEA_74_13.tsp,74,2775,0.0266666666666666,37.5,1.0273972602739727,0.3909324244176604,73,1229884.0,0.0,5829.0,2446.517531044558,1171.638330511253,1372736.377523196,1547.0,3324.0,0.0138888888888888,0.0265424072400972,0.0172640513483309,0.0029420714280332,8.65578428764954e-06,0.0146601986927329,0.0190644057664455,0.0002889898813953,0.0005425290773289,0.0004130143747885,6.489728564458264e-05,4.211657684034552e-09,0.0003583595225786,0.000457683474023,1220632.0,18.39140224456787,1844792.0,0.1377656459808349,1177091.0,19.455411672592163,DBMEA_cost
DBMEA_75_10.tsp,75,2850,0.0263157894736842,38.0,1.027027027027027,0.3568107384590693,74,1328105.0,0.0,6234.0,2392.411377777778,1173.8827082102327,1378000.6126349906,1549.0,3250.0,0.0136986301369863,0.0246983764107051,0.0173970371707398,0.003033153514606,9.200020243167075e-06,0.0144267555226459,0.0200070045960456,0.0002843212215054,0.0005609502800961,0.0004247908687614,7.219710809275678e-05,5.212422416957206e-09,0.00037178629386,0.0004750323036748,1180400.0,20.129249811172485,1888644.0,0.1433861255645752,1146559.0,22.29293704032898,DBMEA_cost
DBMEA_76_10.tsp,76,2926,0.0259740259740259,38.5,1.0266666666666666,0.3656091698749771,75,1368619.0,0.0,5921.0,2324.0491689750693,1148.2563851833213,1318492.7261142677,1440.0,3121.75,0.0135135135135135,0.0243481398481398,0.0168122484175115,0.0028775917074095,8.280534034552132e-06,0.0145366795366795,0.0184560989560989,0.0002936432117519,0.0005819502316161,0.0004381592570468,7.6238586588187e-05,5.812322084964487e-09,0.0003769084246874,0.0004914680721044,1270647.0,17.645605087280273,1773749.0,0.1511025428771972,1182739.0,22.910903930664062,DBMEA_cost
DBMEA_77_9.tsp,77,3003,0.0256410256410256,39.0,1.0263157894736843,0.3624988573841525,76,1446818.0,0.0,6035.0,2351.669758812616,1164.308663870684,1355614.6647643372,1464.0,3174.0,0.0133333333333333,0.0285468880534669,0.0168279534624089,0.0032490620626834,1.0556404287169049e-05,0.0142105263157894,0.0191309840257208,0.0002954841468867,0.0005777710202219,0.0004341478363633,7.841820007594205e-05,6.1494141031504785e-09,0.0003752215535159,0.0004902593213778,1224305.0,18.102517127990723,1941132.0,0.1565759181976318,1209014.0,22.95673108100891,DBMEA_cost
DBMEA_83_14.tsp,83,3486,0.0238095238095238,42.0,1.024390243902439,0.3540382762900578,82,1423498.0,0.0,6176.0,2373.662940920308,1180.2019542563162,1392876.652830428,1458.0,3268.0,0.0123456790123456,0.0242734155335781,0.0155856872594784,0.0029148288115124,8.496227000422973e-06,0.0130611162566898,0.0174585251143516,0.0002531317334584,0.0005600366072709,0.0004270649771781,6.670671955124276e-05,4.449786433288153e-09,0.0003804584695365,0.0004697837488997,1305010.0,22.592628479003903,1984989.0,0.191697359085083,1251208.0,27.684327363967896,DBMEA_cost
DBMEA_85_0.tsp,85,3655,0.0232558139534883,43.0,1.0238095238095235,0.3514104312674324,84,1625241.0,0.0,5901.0,2235.533287197232,1133.6594098809771,1285183.6576116856,1400.0,3005.0,0.0120481927710843,0.0219394493971881,0.0154421815824978,0.0027650260319414,7.645368957313663e-06,0.0130756793407395,0.0174344978346699,0.0002577786234007,0.0006118658265651,0.0004598676110765,8.80885571312496e-05,7.759593897465425e-09,0.0003972551560408,0.0005358407277227,1411229.0,25.309272289276123,2081567.0,0.2067227363586425,1359029.0,44.24325180053711,DBMEA_cost
DBMEA_85_11.tsp,85,3655,0.0232558139534883,43.0,1.0238095238095235,0.3690870434698321,84,1621226.0,0.0,6031.0,2390.0489965397924,1171.0716378558327,1371408.7809903424,1482.0,3213.0,0.0120481927710843,0.0233443980001639,0.0152449040164808,0.0029512039104756,8.709604521206658e-06,0.012621916236374,0.0169750430292599,0.0002666810589777,0.0005666869054847,0.0004265598058232,7.339516096017551e-05,5.3868496523700716e-09,0.0003738068219745,0.0004795670194909,1504464.0,26.142455577850345,2241546.0,0.2074348926544189,1436283.0,41.61580300331116,DBMEA_cost
DBMEA_85_6.tsp,85,3655,0.0232558139534883,43.0,1.0238095238095235,0.3605241445303954,84,1778485.0,0.0,6246.0,2419.061868512111,1183.043575603969,1399592.1017778236,1517.0,3253.0,0.0120481927710843,0.0218853283634966,0.0151338442644825,0.0025610043052616,6.558743051568538e-06,0.012621916236374,0.0171186084266979,0.0002732720423181,0.0005594219306716,0.0004215016965298,7.387130687840432e-05,5.456969979923386e-09,0.0003612064294744,0.0004919991565728,1510985.0,25.181332111358643,2293315.0,0.2115397453308105,1464996.0,35.856244802474976,DBMEA_cost
DBMEA_87_15.tsp,87,3828,0.0227272727272727,44.0,1.0232558139534884,0.3805937152448734,86,1579970.0,0.0,5838.0,2390.695996829172,1174.271522744144,1378913.609127851,1497.0,3216.0,0.0117647058823529,0.0235860855970295,0.0152465232885245,0.0028845828014698,8.32081793853547e-06,0.0128112175102599,0.0177275995117843,0.000293849323634,0.0005677392096542,0.0004270718708977,7.576653010667633e-05,5.740567084405891e-09,0.000361474005055,0.0004837779695198,1493204.0,25.74981451034546,2428414.0,0.2224493026733398,1443574.0,46.484201431274414,DBMEA_cost
DBMEA_91_4.tsp,91,4186,0.0217391304347826,46.0,1.022222222222222,0.377381394083066,90,1758113.0,0.0,5988.0,2430.197077647627,1174.8527929826948,1380279.085179239,1535.0,3280.0,0.0112359550561797,0.0212205522317881,0.0143098897977782,0.0027105303220624,7.346974626819712e-06,0.0119765967144244,0.0164956592859214,0.000289596720478,0.0005549834429939,0.0004184256990291,6.939157835335559e-05,4.8151911463698874e-09,0.000363380261355,0.0004696247102123,1645373.0,36.10331416130066,2865938.0,0.2528610229492187,1648896.0,39.75767970085144,GILS_cost
DBMEA_93_14.tsp,93,4371,0.0212765957446808,47.0,1.0217391304347827,0.3697349213877738,92,2026722.0,0.0,5950.0,2370.6731414036303,1151.669749958388,1326343.2129692158,1483.0,3214.0,0.0109890109890109,0.0211157889729318,0.0142004735373047,0.0027789934930929,7.722804834653213e-06,0.0117208533357601,0.0157002934953245,0.0003004866577391,0.0005620208314242,0.0004285890292377,6.908782076286036e-05,4.773126977761119e-09,0.0003792610181509,0.0004814258578014,1669047.0,23.25877070426941,2649324.0,0.2723314762115478,1734134.0,50.54732322692871,GILS_cost
DBMEA_93_4.tsp,93,4371,0.0212765957446808,47.0,1.0217391304347827,0.3730100263818546,92,1931186.0,0.0,5987.0,2404.814198173199,1184.758591801825,1403652.9208482443,1524.0,3232.0,0.0109890109890109,0.0210420630589992,0.0141486218528337,0.002634140663596,6.938697035610182e-06,0.0119047619047619,0.0164237379120322,0.0002965532135731,0.0005668375394321,0.0004255723472182,7.744451234664712e-05,5.997652492609978e-09,0.0003590958590782,0.0004795363092383,1780842.0,31.740460872650143,2704423.0,0.270676851272583,1725865.0,50.25680613517761,DBMEA_cost
DBMEA_95_11.tsp,95,4560,0.0208333333333333,48.0,1.0212765957446808,0.3629041870781493,94,1735830.0,0.0,6099.0,2386.421717451524,1166.5068298291476,1360738.1840380477,1492.0,3218.0,0.010752688172043,0.0199688876357849,0.0140762497624389,0.0026194179700583,6.861350501864592e-06,0.0115534202699611,0.0162977858842649,0.0002930804942459,0.0005649581690547,0.0004275055564337,7.354750764774032e-05,5.409235881194422e-09,0.0003595521721856,0.0004896253335719,1771454.0,33.42010283470154,2921586.0,0.2910692691802978,1636110.0,40.07829475402832,DBMEA_cost
DBMEA_96_15.tsp,96,4656,0.0206185567010309,48.5,1.0210526315789474,0.3633321926817009,95,2028451.0,0.0,5987.0,2346.835503472222,1168.630995251461,1365698.4030624202,1447.75,3174.0,0.0106382978723404,0.022306743109887,0.0139636237664926,0.0028750206051274,8.265743479907396e-06,0.011384845091452,0.0157564567446986,0.0002788450531419,0.0005799614173036,0.0004370663964609,8.125146088673894e-05,6.601799896229269e-09,0.0003710426121677,0.0005097082112226,1689035.0,24.35503888130188,2611113.0,0.2988181114196777,1682270.0,46.5233371257782,DBMEA_cost
DBMEA_96_4.tsp,96,4656,0.0206185567010309,48.5,1.0210526315789474,0.3800505334169501,95,2008234.0,0.0,6022.0,2468.370442708333,1182.2192368282265,1397642.3239267138,1565.75,3348.0,0.0106382978723404,0.0221074660390079,0.0137522979609143,0.0025744388317615,6.627735298481854e-06,0.0117998897954105,0.0154023940885395,0.000289629731254,0.0005417921343188,0.000410394624713,6.283297848065449e-05,3.947983184750391e-09,0.0003629585217254,0.0004537332393798,1825734.0,34.06564545631409,2989414.0,0.2978088855743408,1810024.0,45.4386157989502,DBMEA_cost
