file,n,m,ratio1,ratio2,density,avg_clustering,mst_size,tsp_approx,edge_min,edge_max,edge_mean,edge_std,edge_var,edge_q25,edge_q75,between_min,between_max,between_mean,between_std,between_var,between_q25,between_q75,closeness_min,closeness_max,closeness_mean,closeness_std,closeness_var,closeness_q25,closeness_q75,GILS_cost,GILS_time,GRASP_cost,GRASP_time,DBMEA_cost,DBMEA_time
srandom_10_1.tsp,10,55,0.1818181818181818,5.5,1.2222222222222223,0.4140715255691033,9,78438.0,0.0,5723.0,2283.92,1352.0348196699667,1827998.1536,1303.0,3300.0,0.125,0.125,0.125,0.0,0.0,0.125,0.125,0.0002815579540122,0.0005526218838265,0.00041459779085,9.232973208082449e-05,8.524779426116828e-09,0.0003446517183404,0.0004924129240511,59309.0,0.10901594161987305,69185.0,0.0,59309.0,0.04451560974121094
srandom_15_11.tsp,15,120,0.125,8.0,1.1428571428571428,0.4216299948152671,14,141877.0,0.0,5987.0,2536.4088888888887,1424.7789354956435,2029995.0150320989,1416.0,3551.0,0.0769230769230769,0.0976452119309262,0.0824699110413396,0.007540673913777,5.686176307391825e-05,0.0769230769230769,0.0869963369963369,0.0002414958945697,0.0004934964221509,0.0003861788243783,7.938742273813973e-05,6.302362889004105e-09,0.0003293154665325,0.0004561591163132,110331.0,0.24153709411621094,134487.0,0.002000093460083008,110331.0,0.09200692176818848
srandom_16_55.tsp,16,136,0.1176470588235294,8.5,1.1333333333333333,0.4272030492589099,15,171027.0,0.0,5268.0,2245.296875,1188.9262576965127,1413545.6462402344,1468.75,3029.0,0.0714285714285714,0.0793650793650793,0.0732142857142857,0.0031183003264884,9.723796926177846e-06,0.0714285714285714,0.073015873015873,0.0002960915909988,0.0005789493998224,0.0004365826225561,9.121814803368562e-05,8.320750530695383e-09,0.0003521153449627,0.0005082388941172,118768.0,0.4330861568450928,159940.0,0.001009225845336914,118193.0,0.22806525230407715
srandom_18_53.tsp,18,171,0.1052631578947368,9.5,1.1176470588235294,0.424721720138653,17,176552.0,0.0,5875.0,2587.0185185185187,1418.339384903407,2011686.610768176,1662.0,3617.0,0.0625,0.0845588235294117,0.0666076615831517,0.0065818448830564,4.332068206461693e-05,0.0625,0.0695465686274509,0.0002565999003788,0.0004719207173194,0.0003768962479132,6.273032481954156e-05,3.935093651965192e-09,0.0003299031062393,0.0004112206706289,141565.0,0.553905725479126,206389.0,0.00150299072265625,140809.0,0.1864781379699707
srandom_19_87.tsp,19,190,0.1,10.0,1.1111111111111112,0.462766147484037,18,138627.0,0.0,4928.0,2383.119113573407,1290.8350771257622,1666255.1963382724,1377.0,3507.0,0.0588235294117647,0.0726579520697167,0.064006421281963,0.0054926749142009,3.016947771309243e-05,0.0588235294117647,0.0702614379084967,0.0002798725025266,0.0005408978904982,0.0004098356516752,7.108242635213354e-05,5.052711336106489e-09,0.0003608525618769,0.0004631785381326,133145.0,0.42508530616760254,187575.0,0.002502918243408203,134349.0,0.2830045223236084
srandom_20_62.tsp,20,210,0.0952380952380952,10.5,1.105263157894737,0.4011982953041896,19,218603.0,0.0,6398.0,2716.1,1507.784885187539,2273415.26,1425.0,3915.5,0.0555555555555555,0.0735867446393762,0.058625730994152,0.0052714990578356,2.778870231676221e-05,0.0555555555555555,0.0614035087719298,0.0002592158039782,0.0004432417300424,0.0003573904413041,5.103683271651042e-05,2.6047582937330686e-09,0.0003155782994965,0.0003959374636436,153031.0,0.5093140602111816,188934.0,0.003009319305419922,148311.0,0.3281395435333252
srandom_21_45.tsp,21,231,0.0909090909090909,11.0,1.1,0.4311796716070975,20,251464.0,0.0,6183.0,2778.045351473923,1444.7279158297283,2087238.7507777112,1653.0,3764.0,0.0526315789473684,0.0675438596491228,0.0560568086883876,0.0047655674843614,2.2710633448003165e-05,0.0526315789473684,0.0578947368421052,0.0002656113044171,0.0004479684630202,0.0003494184658761,4.83833358567757e-05,2.340947188629557e-09,0.0003095496053242,0.0003883947644385,181028.0,0.7891809940338135,244148.0,0.003511667251586914,187840.0,0.3091113567352295
srandom_22_86.tsp,22,253,0.0869565217391304,11.5,1.0952380952380951,0.3951690272605377,21,231393.0,0.0,5471.0,2255.371900826446,1237.24272979621,1530769.5724335772,1286.0,3128.0,0.05,0.0611111111111111,0.0522727272727272,0.0036156113796152,1.3072645648403229e-05,0.05,0.054563492063492,0.0002654565220139,0.0005669699505926,0.000439354611431,8.037515707338112e-05,6.4601658745706874e-09,0.0003814251202923,0.0005012890371918,166434.0,1.2511427402496338,276814.0,0.004464387893676758,174185.0,0.298004150390625
srandom_24_17.tsp,24,300,0.08,12.5,1.0869565217391304,0.3897999132782947,23,246460.0,0.0,5852.0,2376.961805555556,1264.0957524878609,1597938.071457851,1447.5,3347.5,0.0454545454545454,0.0573122529644268,0.0479249011857707,0.0034767487996418,1.2087782215811092e-05,0.0454545454545454,0.0494071146245059,0.0002798019488814,0.0005378104101388,0.0004190698463562,7.974601243393464e-05,6.359426499113259e-09,0.000347587556282,0.0004956071289265,207985.0,0.7754862308502197,277312.0,0.005939483642578125,206334.0,0.40955066680908203
srandom_24_31.tsp,24,300,0.08,12.5,1.0869565217391304,0.3929864602964071,23,275361.0,0.0,5608.0,2278.1701388888887,1177.3006210406747,1386036.7523027586,1463.25,3054.25,0.0454545454545454,0.0592885375494071,0.0485836627140974,0.0038376746369338,1.4727746618965046e-05,0.0454545454545454,0.0494071146245059,0.0002963611998763,0.0005654439964598,0.0004356269947812,7.788810857413588e-05,6.066557457256379e-09,0.0003745686888875,0.0004773974881797,205088.0,0.6150608062744141,232744.0,0.005505800247192383,201344.0,0.61745285987854
srandom_24_89.tsp,24,300,0.08,12.5,1.0869565217391304,0.3957181522705035,23,254001.0,0.0,5185.0,2152.2256944444443,1156.7039294097767,1337963.9803120175,1275.75,2896.0,0.0454545454545454,0.0612648221343873,0.0490228370663153,0.0050989045410044,2.5998827518275303e-05,0.0454545454545454,0.0515480895915678,0.0002705595878083,0.0005622097286726,0.0004593139694857,7.478098996009644e-05,5.592196459412044e-09,0.0004177097161161,0.0005200639939588,175395.0,0.6909754276275635,193853.0,0.006000518798828125,174784.0,0.3726356029510498
srandom_25_26.tsp,25,325,0.0769230769230769,13.0,1.0833333333333333,0.3880817206590017,24,319875.0,0.0,6192.0,2504.3776,1293.128935187145,1672182.44301824,1484.0,3378.0,0.0434782608695652,0.0591787439613526,0.0479710144927536,0.0047917494262416,2.296086256388714e-05,0.0434782608695652,0.0495169082125603,0.0002565582707972,0.0005006988922037,0.0003958745971124,6.805352676597671e-05,4.631282505287508e-09,0.0003424950766332,0.0004559963520291,221404.0,0.8840255737304688,273736.0,0.006062746047973633,216582.0,0.627286434173584
srandom_26_34.tsp,26,351,0.074074074074074,13.5,1.08,0.4623347309690495,25,246665.0,0.0,5448.0,2675.3579881656806,1384.2250749914213,1916079.058235006,1571.0,3803.0,0.0416666666666666,0.0605555555555555,0.0448931623931624,0.0044150180516313,1.9492384396230543e-05,0.0416666666666666,0.0465277777777777,0.000282154304546,0.000473915680922,0.0003658217142148,4.842699109995784e-05,2.345173466995396e-09,0.0003335526418098,0.0003934046482971,227300.0,1.1856639385223389,253608.0,0.0067021846771240234,220150.0,0.558887243270874
srandom_30_29.tsp,30,465,0.064516129032258,15.5,1.0689655172413792,0.401536767971259,29,411032.0,0.0,6283.0,2668.346666666667,1370.6799512326395,1878763.528711111,1652.0,3762.0,0.0357142857142857,0.051655719759168,0.0389994982667396,0.0042079723533225,1.770703132632706e-05,0.0357142857142857,0.0410509031198686,0.0002663556122964,0.0004549661913054,0.0003725413429208,6.06193010664772e-05,3.6746996617882035e-09,0.0003118104907953,0.0004256225306695,289108.0,1.504291296005249,321983.0,0.009505510330200195,295983.0,0.8306369781494141
srandom_30_30.tsp,30,465,0.064516129032258,15.5,1.0689655172413792,0.4218969920546801,29,347645.0,0.0,5938.0,2671.657777777778,1369.012303570861,1874194.687328395,1662.0,3798.0,0.0357142857142857,0.0535303776683087,0.0404103787108713,0.0056188183740689,3.157111992077477e-05,0.0357142857142857,0.0430931855500821,0.0002695167286245,0.0004702219772023,0.0003685281354813,4.965729113075084e-05,2.4658465624441463e-09,0.0003231362325218,0.000397685472459,291351.0,1.3637850284576416,360634.0,0.009850025177001953,266129.0,0.9858622550964355
srandom_31_22.tsp,31,496,0.0625,16.0,1.0666666666666669,0.3776397766362228,30,376198.0,0.0,6291.0,2511.4443288241414,1274.6852906866934,1624822.59029302,1575.0,3368.0,0.0344827586206896,0.0448275862068965,0.037742700590309,0.0033608473420377,1.1295294856481888e-05,0.0344827586206896,0.0402390074803867,0.0002826136106714,0.0004922067268252,0.0003939812317714,5.763551413397783e-05,3.321852489487958e-09,0.0003489335772508,0.0004434155007583,323552.0,1.6235311031341553,392193.0,0.011507511138916016,304882.0,1.0906035900115967
srandom_31_39.tsp,31,496,0.0625,16.0,1.0666666666666669,0.3920760566498276,30,404882.0,0.0,5890.0,2432.6264308012487,1259.4220057811622,1586143.7886458456,1449.0,3327.0,0.0344827586206896,0.0488505747126436,0.0377950809541465,0.0037644605257552,1.4171163049969184e-05,0.0344827586206896,0.0402298850574712,0.0002574775779942,0.000537846462763,0.0004115147282562,7.238869445474397e-05,5.24012308486228e-09,0.0003614400987717,0.0004712178287963,322137.0,1.7258708477020264,414975.0,0.010513067245483398,303697.0,0.9834794998168945
srandom_32_46.tsp,32,528,0.0606060606060606,16.5,1.064516129032258,0.3653816845671727,31,416537.0,0.0,6116.0,2360.63671875,1268.9426611954275,1610215.4774017334,1469.25,3156.75,0.0333333333333333,0.0518518518518518,0.037568217699266,0.0051939609189316,2.6977230027389195e-05,0.0333333333333333,0.0399385560675883,0.0002792314828993,0.0005721985344334,0.0004319188169844,9.526914099675096e-05,9.076209226258814e-09,0.0003469212858421,0.0005173980133612,327469.0,1.5977528095245361,366443.0,0.012514352798461914,339758.0,1.0461962223052979
srandom_36_41.tsp,36,666,0.054054054054054,18.5,1.0571428571428572,0.4055534462122431,35,492331.0,0.0,5840.0,2512.117283950617,1290.7256339634698,1665972.6621704008,1486.5,3426.0,0.0294117647058823,0.0426370548219287,0.0328028989373527,0.0034285549685352,1.175498917226794e-05,0.0294117647058823,0.034593837535014,0.0002896679577581,0.0005300460382844,0.0004004575104689,7.375988709534554e-05,5.440520944318121e-09,0.0003372908311242,0.0004581532584828,413296.0,2.6357290744781494,581210.0,0.016519546508789062,387144.0,2.0859644412994385
srandom_37_5.tsp,37,703,0.0526315789473684,19.0,1.0555555555555556,0.3805114632454925,36,496756.0,0.0,6221.0,2513.590942293645,1275.271966848072,1626318.58942855,1518.0,3488.0,0.0285714285714285,0.0465343915343915,0.0321972993401564,0.0040628479398514,1.6506733382355344e-05,0.0285714285714285,0.0341269841269841,0.0002696164705706,0.0005160254572558,0.0003984917075129,6.607438526774341e-05,4.365824388510187e-09,0.0003504877621356,0.0004482908909781,431499.0,2.33703875541687,491475.0,0.0180814266204834,394695.0,1.931894063949585
srandom_37_57.tsp,37,703,0.0526315789473684,19.0,1.0555555555555556,0.4145059828302288,36,432891.0,0.0,6002.0,2644.8239590942294,1308.7166851527422,1712739.3619971815,1692.0,3586.0,0.0285714285714285,0.0420760896951373,0.0313925490115966,0.0032334089104352,1.0454933182082105e-05,0.0285714285714285,0.0340513983371126,0.0002786463977212,0.0004958267911742,0.0003752412529448,5.344551308108799e-05,2.856422868500747e-09,0.0003349927883496,0.000408788962698,397166.0,3.2558176517486572,617817.0,0.019022226333618164,388910.0,2.293546199798584
srandom_37_70.tsp,37,703,0.0526315789473684,19.0,1.0555555555555556,0.4101723803835034,36,470393.0,0.0,5577.0,2407.420014609204,1183.978060539555,1401804.0478390062,1532.0,3263.0,0.0285714285714285,0.0390778533635676,0.0317941070322022,0.0031745385984313,1.007769531293054e-05,0.0285714285714285,0.0334391534391534,0.0003059117444617,0.0005431502715751,0.0004158139960931,6.998355787176733e-05,4.897698372391008e-09,0.0003618308641727,0.0004701150475991,429760.0,2.902702569961548,548953.0,0.019018173217773438,416047.0,2.2239646911621094
srandom_38_33.tsp,38,741,0.0512820512820512,19.5,1.054054054054054,0.357868798485656,37,494606.0,0.0,6385.0,2425.608033240997,1220.000157845573,1488400.3851432232,1573.0,3323.0,0.0277777777777777,0.0406191906191906,0.0309554542010682,0.0034781123022389,1.2097265186985958e-05,0.0277777777777777,0.0329776204776204,0.0002638541243252,0.0005352157498083,0.0004131632724418,6.762761184303523e-05,4.573493883592239e-09,0.000356599949649,0.0004515079499298,391440.0,2.7230515480041504,449626.0,0.019257545471191406,408256.0,2.266807794570923
srandom_38_71.tsp,38,741,0.0512820512820512,19.5,1.054054054054054,0.4220566148637082,37,579693.0,0.0,5881.0,2646.145429362881,1310.7190176068357,1717984.3431162287,1636.0,3646.0,0.0277777777777777,0.038038038038038,0.030837604521815,0.0033505567748943,1.1226230701790542e-05,0.0277777777777777,0.0319694694694694,0.0002760575990449,0.0004946061197481,0.0003760651809773,5.611423204661683e-05,3.1488070381815593e-09,0.0003315122095897,0.0004240700978667,400004.0,2.9159791469573975,622235.0,0.019011497497558594,397883.0,2.306915283203125
srandom_39_84.tsp,39,780,0.05,20.0,1.0526315789473684,0.4385877256752772,38,499680.0,0.0,5768.0,2685.7120315581856,1322.0458121542028,1747805.129434466,1784.0,3636.0,0.027027027027027,0.0448757027704396,0.0300635511161826,0.0035346976906948,1.2494087764603476e-05,0.027027027027027,0.0314366998577524,0.0002793871129018,0.0004948883245425,0.0003723151883327,6.10918833781947e-05,3.732218214694943e-09,0.0003175587649354,0.0004114187332221,491744.0,2.2769362926483154,547057.0,0.0215299129486084,470262.0,2.712284803390503
srandom_39_94.tsp,39,780,0.05,20.0,1.0526315789473684,0.4160771247563962,38,524743.0,0.0,5784.0,2563.62261669954,1262.0675087731422,1592814.396700845,1623.0,3547.0,0.027027027027027,0.0403034613560929,0.0300303773987984,0.0034426743281727,1.1852006529859928e-05,0.027027027027027,0.0316703921967079,0.0002922155320245,0.0005096088081859,0.000388463554656,5.844531814570578e-05,3.415855213152765e-09,0.0003370542568415,0.0004227520592416,450353.0,3.1488404273986816,623095.0,0.021545886993408203,441129.0,2.479754686355591
srandom_40_65.tsp,40,820,0.048780487804878,20.5,1.051282051282051,0.3831276389062357,39,490399.0,0.0,6123.0,2491.67375,1244.946170447115,1549890.9673109374,1590.75,3377.5,0.0263157894736842,0.0397173489278752,0.0299449612278559,0.0036771625043632,1.352152408349512e-05,0.0263157894736842,0.0325292397660818,0.0002803375551689,0.0005311397714737,0.0004029793588846,6.962794582955693e-05,4.848050840443714e-09,0.0003474136368614,0.0004688095437883,459542.0,3.5265719890594482,613234.0,0.023035526275634766,428015.0,1.9476943016052246
srandom_40_66.tsp,40,820,0.048780487804878,20.5,1.051282051282051,0.3824280213329439,39,545676.0,0.0,6285.0,2552.88375,1266.1544259038617,1603147.030235937,1550.75,3503.75,0.0263157894736842,0.0368870895186684,0.029285462664964,0.0030679697700077,9.412438509681312e-06,0.0263157894736842,0.0309829059829059,0.0002561542705514,0.000507244491845,0.0003916367738635,6.096851402737743e-05,3.717159702706518e-09,0.0003503848118573,0.0004348236209661,503985.0,3.1785025596618652,686037.0,0.022023916244506836,475996.0,3.3125252723693848
srandom_42_16.tsp,42,903,0.0465116279069767,21.5,1.048780487804878,0.3746399402604546,41,605825.0,0.0,6140.0,2442.735827664399,1204.1743285060231,1450035.813432932,1538.0,3336.0,0.025,0.0404471544715447,0.0282961856829452,0.0037605138689277,1.4141464558398032e-05,0.025,0.0297815040650406,0.0002856565572114,0.0005254524017019,0.0004083614021555,5.878063978570386e-05,3.455163613616672e-09,0.0003728036797775,0.0004504999266191,489534.0,2.8413195610046387,586389.0,0.02553415298461914,500184.0,2.648883104324341
srandom_42_24.tsp,42,903,0.0465116279069767,21.5,1.048780487804878,0.4199327472995171,41,546110.0,0.0,5374.0,2397.356009070295,1192.2668533825704,1421500.2496747754,1472.0,3282.0,0.025,0.0360772357723577,0.0280853635492137,0.0031916874481329,1.01868687665696e-05,0.025,0.0303426248548199,0.0002898981114198,0.0005426869622766,0.0004179665488975,6.668400011698203e-05,4.4467558716016595e-09,0.000367881673824,0.0004696174328215,473899.0,3.556889295578003,607304.0,0.027055740356445312,457285.0,3.0524098873138428
srandom_43_68.tsp,43,946,0.0454545454545454,22.0,1.0476190476190477,0.3999945072923089,42,591820.0,0.0,5537.0,2364.385073012439,1182.4400923971475,1398164.572108175,1455.0,3245.0,0.024390243902439,0.0358110723964382,0.0273834096338707,0.0035466460495472,1.2578698200768852e-05,0.024390243902439,0.0286682152535811,0.000300450676014,0.0005602913515027,0.0004244850489789,7.011570596110118e-05,4.9162122224236014e-09,0.0003773026868579,0.0004809298855449,497894.0,4.266404151916504,693208.0,0.028533458709716797,489892.0,3.045926332473755
srandom_43_7.tsp,43,946,0.0454545454545454,22.0,1.0476190476190477,0.3763212882654431,42,570987.0,0.0,6288.0,2527.9751216873988,1258.2750941146476,1583256.2124692253,1602.0,3436.0,0.024390243902439,0.0362977711409767,0.0273545530899067,0.0029297028959277,8.583159058407413e-06,0.0247773906310491,0.0293263646922183,0.0002850124183982,0.0005108929679232,0.0003952239753309,5.9030871127149225e-05,3.4846437460301e-09,0.000357109737203,0.0004327861613219,486634.0,2.841280937194824,580345.0,0.02752971649169922,469728.0,2.6268551349639893
srandom_44_3.tsp,44,990,0.0444444444444444,22.5,1.0465116279069768,0.3554303390845193,43,618418.0,0.0,5804.0,2193.005165289256,1113.2722591114916,1239375.122907204,1354.25,2952.25,0.0238095238095238,0.0446151716500553,0.0272130820690545,0.0037069025954525,1.374112685217313e-05,0.0240511426557938,0.0287375415282391,0.0002958478103821,0.0006105266147009,0.0004623228325449,8.666666954184127e-05,7.511111609474716e-09,0.0003985147278775,0.0005387162038263,492370.0,4.1468870639801025,698413.0,0.029893875122070312,481766.0,2.823599338531494
srandom_44_61.tsp,44,990,0.0444444444444444,22.5,1.0465116279069768,0.4034349974762961,43,697222.0,0.0,6267.0,2682.754132231405,1310.675882942672,1717871.2701275526,1713.5,3648.0,0.0238095238095238,0.0334335284501397,0.0266960060979994,0.0029663184859174,8.799045359895844e-06,0.0238095238095238,0.0287467700258397,0.0002614315505322,0.0004970064032918,0.0003743208037635,6.253038580326162e-05,3.9100491487047426e-09,0.0003317544274764,0.0004210104760819,573276.0,3.2514090538024902,747294.0,0.030034303665161133,581745.0,3.2086782455444336
srandom_44_95.tsp,44,990,0.0444444444444444,22.5,1.0465116279069768,0.4183708686056933,43,608704.0,0.0,5503.0,2457.021694214876,1228.286880029795,1508688.659653328,1487.5,3389.0,0.0238095238095238,0.0375555907117368,0.0265377333691287,0.0031831688951663,1.0132564215154627e-05,0.0238095238095238,0.0282372251226071,0.0002770922072649,0.0005323956566419,0.0004073766782447,6.248539937032965e-05,3.9044251344695935e-09,0.000350601154579,0.0004538405428057,526603.0,3.417431116104126,667702.0,0.029944419860839844,513391.0,2.957826614379883
srandom_45_64.tsp,45,1035,0.0434782608695652,23.0,1.0454545454545454,0.4184490752269798,44,676900.0,0.0,6321.0,2816.718024691358,1365.043836132745,1863344.6745639995,1816.0,3860.0,0.0232558139534883,0.0361942438580916,0.0261792206436322,0.0028086752537237,7.888656680880395e-06,0.0232558139534883,0.0279774489076814,0.0002631988227834,0.0004607522828181,0.0003547571063487,5.3446615520093766e-05,2.8565407105527277e-09,0.0003172085646312,0.0004081481206634,594004.0,3.0806119441986084,718738.0,0.03335738182067871,593654.0,3.3096883296966553
srandom_45_88.tsp,45,1035,0.0434782608695652,23.0,1.0454545454545454,0.4273612725313441,44,693972.0,0.0,6000.0,2735.9348148148147,1351.3758087562587,1826216.5764916325,1721.0,3766.0,0.0232558139534883,0.0324171952078928,0.0261281698491,0.0028828626667928,8.310897155588105e-06,0.0232558139534883,0.0281888653981677,0.0002688401989417,0.0004878968319971,0.0003668597749949,6.039150102443343e-05,3.647133395984144e-09,0.0003204871404534,0.0004104133048531,604375.0,4.632566690444946,764839.0,0.03265786170959473,612304.0,3.4050867557525635
srandom_45_92.tsp,45,1035,0.0434782608695652,23.0,1.0454545454545454,0.4251462663462,44,583100.0,0.0,6114.0,2797.933827160494,1360.8008882086865,1851779.0573495503,1762.0,3846.0,0.0232558139534883,0.0330245981408772,0.0260493454291903,0.0027195378830874,7.39588629754781e-06,0.0239605355884425,0.0278365045806906,0.0002681373594564,0.0004507688682627,0.0003546077174014,4.259351343902757e-05,1.8142073870806222e-09,0.0003250254849527,0.0003825321892143,557964.0,3.5060036182403564,712154.0,0.03153371810913086,527602.0,3.1054093837738037
srandom_51_83.tsp,51,1326,0.0384615384615384,26.0,1.04,0.3737162666866683,50,855892.0,0.0,6339.0,2522.3483275663207,1242.7877371606,1544521.3596367647,1587.0,3475.0,0.0204081632653061,0.0332944606413994,0.0236426120231642,0.003306743390087,1.0934551847884373e-05,0.0204081632653061,0.0261273080660835,0.0002589814776447,0.000529717131052,0.0004002182803226,6.808530142833118e-05,4.635608270586716e-09,0.0003530777288097,0.0004475152658924,681064.0,3.880396604537964,864654.0,0.04715847969055176,679884.0,5.571901559829712
srandom_52_42.tsp,52,1378,0.0377358490566037,26.5,1.03921568627451,0.390508572359343,51,778585.0,0.0,5988.0,2510.4866863905327,1249.0751045019883,1560188.616686653,1539.5,3423.25,0.02,0.0293320883909119,0.0231367042543513,0.0025719629843707,6.61499359297332e-06,0.021078431372549,0.0246551509492685,0.0002704996287259,0.0005217391304347,0.0003998730626589,5.9297325322792615e-05,3.516172790437102e-09,0.0003565649938536,0.0004426223910613,667441.0,5.071667671203613,803685.0,0.04870176315307617,679494.0,5.932891368865967
srandom_52_6.tsp,52,1378,0.0377358490566037,26.5,1.03921568627451,0.3897742329572979,51,805697.0,0.0,6262.0,2642.3579881656806,1322.0686690302646,1747865.5656314555,1588.5,3733.5,0.02,0.0333202614379085,0.023348954966602,0.0030549262124396,9.332574163451062e-06,0.0209803921568627,0.0253572984749455,0.0002606549082341,0.0004816637231661,0.0003786299914345,5.204915195628233e-05,2.7091142193681686e-09,0.0003447625416221,0.0004177727681463,674159.0,7.547082424163818,1030004.0,0.04916214942932129,651663.0,5.735490798950195
srandom_52_78.tsp,52,1378,0.0377358490566037,26.5,1.03921568627451,0.4309183384638174,51,737889.0,0.0,5183.0,2404.391272189349,1222.600761816239,1494752.6227936477,1440.0,3352.0,0.02,0.0296906318082788,0.0231955028975152,0.003067187554731,9.40763949589704e-06,0.02,0.0254929193899782,0.000301598471901,0.0005533974261594,0.0004198611031112,7.129485934603762e-05,5.082956969171287e-09,0.0003645871097984,0.000475241844328,665651.0,6.801578521728516,842197.0,0.050177812576293945,657690.0,7.74712872505188
srandom_54_44.tsp,54,1485,0.0363636363636363,27.5,1.0377358490566038,0.4105641683925012,53,812655.0,0.0,5952.0,2635.684499314129,1301.5176249934182,1693948.1281685077,1585.0,3675.0,0.0192307692307692,0.0288599765014859,0.0223817640353279,0.0026799964316116,7.182380873451084e-06,0.0200774068698597,0.0242198838896952,0.0002710054814693,0.0004853657643137,0.0003795396054086,5.142868434574144e-05,2.64490957353391e-09,0.0003392050209342,0.0004172376915414,706525.0,7.575666427612305,1033773.0,0.0539555549621582,703789.0,7.127729654312134
srandom_54_80.tsp,54,1485,0.0363636363636363,27.5,1.0377358490566038,0.3447826100076131,53,832870.0,0.0,6499.0,2406.4211248285324,1245.734152411253,1551853.578483783,1476.0,3290.0,0.0192307692307692,0.0328011611030478,0.0228078292543701,0.0036176411956633,1.3087327820560631e-05,0.0197447992259313,0.0250578823692031,0.00028308638942,0.0005501692029812,0.0004230454357328,7.893465131732561e-05,6.230679178587773e-09,0.0003626688675454,0.0004884477504125,685868.0,4.769264459609985,870310.0,0.054058074951171875,698267.0,6.162094831466675
srandom_55_37.tsp,55,1540,0.0357142857142857,28.0,1.037037037037037,0.3816339582011621,54,651576.0,0.0,5981.0,2453.469752066116,1223.3615635619606,1496613.515200765,1537.0,3325.0,0.0188679245283018,0.0309340787328208,0.0226539601002938,0.003281502363866,1.0768257764058629e-05,0.0200326112275797,0.0248164852207387,0.0002807411566535,0.000547378664396,0.0004124214090888,7.112879872650905e-05,5.0593060082762364e-09,0.000365213654188,0.0004828602310282,602589.0,7.968745470046997,994315.0,0.058057546615600586,654129.0,8.197167158126831
srandom_56_32.tsp,56,1596,0.0350877192982456,28.5,1.0363636363636364,0.4185678343939842,55,1059103.0,0.0,5665.0,2545.874362244898,1238.6021859980033,1534135.3751590322,1592.75,3474.25,0.0185185185185185,0.0292287958954625,0.0218740434649525,0.0031485514180984,9.913376032409632e-06,0.0188776655443322,0.0239846881513548,0.0002701813162251,0.0005036491671474,0.0003936204514493,5.504156092270439e-05,3.029573428807779e-09,0.0003522456312407,0.0004371984593045,729612.0,8.121782779693604,1010380.0,0.060400962829589844,752947.0,8.600042343139648
srandom_59_20.tsp,59,1770,0.0333333333333333,30.0,1.0344827586206895,0.382487250091624,58,950506.0,0.0,6248.0,2561.808675667912,1242.927888676057,1544869.7364487203,1603.0,3487.0,0.0175438596491228,0.0279491833030853,0.0207316866749639,0.0029779619800414,8.86825755457212e-06,0.0179471667674934,0.0229841845994296,0.0002805116920175,0.0005131108673343,0.0003926205639886,5.926588425798054e-05,3.5124450368803463e-09,0.0003455677074107,0.0004276703025045,825996.0,7.066918611526489,1110830.0,0.07093167304992676,815841.0,8.918941497802734
srandom_59_50.tsp,59,1770,0.0333333333333333,30.0,1.0344827586206895,0.3928222351258784,58,1018413.0,0.0,6436.0,2743.050272910083,1370.6504969867567,1878682.784890043,1720.0,3782.0,0.0175438596491228,0.0324059670248418,0.0206621631057941,0.003213931153974,1.0329353462485047e-05,0.0180479935470861,0.0222971439396121,0.0002555888016851,0.000472936610186,0.0003659008934255,5.298885637448675e-05,2.807818899875984e-09,0.0003222644467309,0.0003954290833516,793692.0,10.545172929763794,1231060.0,0.07049989700317383,789531.0,6.3499672412872314
srandom_60_77.tsp,60,1830,0.0327868852459016,30.5,1.0338983050847457,0.3746399175348001,59,1212312.0,0.0,6393.0,2572.863333333333,1261.5471362092571,1591501.1768777778,1604.5,3512.75,0.0172413793103448,0.0283679135008766,0.0203524650879998,0.0030667162696215,9.404748678361746e-06,0.0178014806156243,0.0222301077064373,0.0002649089880476,0.0005071473391956,0.0003914964917244,5.978666169373526e-05,3.574444916481151e-09,0.0003496095264099,0.0004324269220381,915503.0,10.389683246612549,1292934.0,0.07485723495483398,846649.0,8.843135595321655
srandom_62_60.tsp,62,1953,0.0317460317460317,31.5,1.0327868852459017,0.3720341115660987,61,1058147.0,0.0,6071.0,2421.5140478668054,1202.265569473946,1445442.4995425118,1534.0,3274.0,0.0166666666666666,0.0307455113192818,0.0204040007698786,0.0037321120045616,1.3928660014593392e-05,0.0173041894353369,0.0223920410190901,0.0002932734606749,0.0005550298442276,0.0004196640729008,7.569702685077001e-05,5.730039874046196e-09,0.0003584241746752,0.0004828873168583,840770.0,7.411708354949951,1152921.0,0.08212161064147949,844028.0,11.410872220993042
srandom_62_8.tsp,62,1953,0.0317460317460317,31.5,1.0327868852459017,0.3807759942290327,61,1075734.0,0.0,6185.0,2519.209677419354,1226.0135942340191,1503109.333246618,1616.0,3389.0,0.0166666666666666,0.0272691580357925,0.0199646410145445,0.0028917467702817,8.36219938343517e-06,0.0175182149362477,0.0215619307832422,0.0002886398909792,0.0005307024412312,0.000401583562116,6.643550652534924e-05,4.413676527279721e-09,0.0003424071629522,0.0004574958845223,932331.0,7.729027986526489,1286223.0,0.08199334144592285,913768.0,11.225935220718384
srandom_63_28.tsp,63,2016,0.03125,32.0,1.032258064516129,0.3967473895724645,62,1145863.0,0.0,6301.0,2684.47871000252,1322.3147884337168,1748516.3997105053,1689.0,3612.0,0.0163934426229508,0.0283661957643977,0.0195168893497034,0.0028915250452853,8.360917087512513e-06,0.0173176198030772,0.0211528291909042,0.0002695054574855,0.0005023985479061,0.0003777638696505,6.630198801284447e-05,4.395953614455372e-09,0.0003208736047479,0.0004245005451121,1048227.0,10.267814636230469,1497467.0,0.0866546630859375,953816.0,10.445491552352905
srandom_63_75.tsp,63,2016,0.03125,32.0,1.032258064516129,0.4187387673353925,62,1124760.0,0.0,6117.0,2765.356009070295,1345.176472808691,1809499.7429980307,1702.0,3853.0,0.0163934426229508,0.0251358107783279,0.0191877573283229,0.0027066767439601,7.326098996294936e-06,0.0167900581702802,0.0215427295543636,0.0002777553781505,0.0004687098383707,0.0003619837770726,4.7305786503727247e-05,2.2378374367362228e-09,0.0003212564716458,0.000400124038284,1008296.0,12.08163046836853,1445889.0,0.08513140678405762,902681.0,9.654662609100342
srandom_64_10.tsp,64,2080,0.0307692307692307,32.5,1.031746031746032,0.3872958761487192,63,1019867.0,0.0,6115.0,2554.34423828125,1256.8071071745803,1579564.104644537,1607.5,3501.25,0.0161290322580645,0.0277733076504197,0.0195868884814977,0.0027577925919084,7.605419979985333e-06,0.017131763099505,0.0211689992603971,0.0002824592787873,0.0005079948716708,0.0003949685325246,6.108036111399071e-05,3.730810513815509e-09,0.0003447276491763,0.0004340079202128,980476.0,10.738194465637207,1322944.0,0.0887293815612793,897289.0,16.4147367477417
srandom_65_38.tsp,65,2145,0.0303030303030303,33.0,1.03125,0.3767804683629538,64,1106103.0,0.0,6295.0,2540.0279289940827,1243.885699833211,1547251.634249557,1593.0,3443.0,0.0158730158730158,0.0263853458049886,0.0190279931877917,0.0028732254970354,8.255424756814612e-06,0.0164517195767195,0.0207876669186192,0.0002765654033965,0.0005235259472547,0.0003989542159048,6.684978460333301e-05,4.46889370151202e-09,0.0003448368759934,0.000447752840432,1056565.0,8.542091608047485,1389059.0,0.09311056137084961,996059.0,13.909556150436401
srandom_65_72.tsp,65,2145,0.0303030303030303,33.0,1.03125,0.4059179690569807,64,1101680.0,0.0,6243.0,2714.742721893492,1299.4702747169958,1688622.9948730648,1707.0,3711.0,0.0158730158730158,0.0270006613756613,0.0189292123220694,0.0029750473545925,8.8509067620681e-06,0.0163690476190476,0.0206679894179894,0.0002725016073336,0.0004913439023453,0.0003708415965649,5.680028931250105e-05,3.2262728659838206e-09,0.0003284240775901,0.0004004329681468,1080343.0,10.47855806350708,1517834.0,0.09461808204650879,1038951.0,15.170342922210693
srandom_66_85.tsp,66,2211,0.0298507462686567,33.5,1.0307692307692309,0.342623832697641,65,1113227.0,0.0,6657.0,2455.0702479338843,1233.3293426061684,1521101.2673333636,1526.0,3399.0,0.015625,0.0257852564102564,0.0189420888535836,0.0031254884924593,9.768678316495804e-06,0.0159455128205128,0.0211903981435231,0.0002613832401066,0.0005461817692928,0.0004133849366667,7.049979955211785e-05,4.970221736888796e-09,0.0003630653346596,0.0004800112894496,966248.0,9.506567239761353,1294592.0,0.09920120239257812,952307.0,15.29597020149231
srandom_67_0.tsp,67,2278,0.0294117647058823,34.0,1.0303030303030305,0.3951757432347582,66,1165443.0,0.0,6187.0,2647.189128981956,1319.6565728841404,1741493.4703563142,1621.0,3619.0,0.0153846153846153,0.0273073365381057,0.0188371247905743,0.0032083940002844,1.0293792061061265e-05,0.016045066045066,0.0205451955451955,0.0002812915544341,0.0005021837383774,0.0003811891983116,5.88185382530108e-05,3.459620442220894e-09,0.0003349149038222,0.0004256648858813,1074916.0,15.021731615066528,1645692.0,0.10201168060302734,998716.0,17.480276107788086
srandom_67_15.tsp,67,2278,0.0294117647058823,34.0,1.0303030303030305,0.3605759237819017,66,1259880.0,0.0,6440.0,2484.0343060815326,1247.9399258476287,1557354.058524585,1562.0,3356.0,0.0153846153846153,0.0266666666666666,0.0186098614668179,0.0029218565943255,8.537245957803952e-06,0.016025641025641,0.0207495534768262,0.0002665815759818,0.0005520425574626,0.0004124201380447,8.061809836536671e-05,6.499277784047942e-09,0.0003428178370874,0.0004789602225796,1115121.0,11.628742218017578,1651405.0,0.10355114936828613,1109401.0,19.034258365631104
srandom_68_49.tsp,68,2346,0.0289855072463768,34.5,1.0298507462686568,0.3922117511704395,67,1186535.0,0.0,5879.0,2480.553633217993,1224.7787946153358,1500083.095739395,1530.0,3388.25,0.0151515151515151,0.02805776313239,0.0183239903075102,0.0027942412514716,7.807784171425645e-06,0.0160372380521634,0.0201688516256978,0.0002778307637443,0.0005277003292219,0.000407687664345,6.48539534375182e-05,4.206035276475778e-09,0.0003579571446539,0.0004628635271931,1058042.0,12.046635866165161,1498892.0,0.10801196098327637,1042536.0,17.62389302253723
srandom_68_67.tsp,68,2346,0.0289855072463768,34.5,1.0298507462686568,0.3601287246026863,67,1071096.0,0.0,6749.0,2617.254757785467,1318.6868630563636,1738935.0427974327,1605.0,3619.5,0.0151515151515151,0.0245590230664857,0.0187609717228895,0.0029912670447495,8.94767853300467e-06,0.0159109754259007,0.0210864010982735,0.0002624579381774,0.0005171029883921,0.0003896077425445,7.16057588323265e-05,5.127384697953304e-09,0.0003313109711004,0.0004507330375637,1049848.0,13.991868495941162,1547601.0,0.10711789131164551,1054031.0,14.64739465713501
srandom_6_2.tsp,6,21,0.2857142857142857,3.5,1.4,0.5935181095875518,5,31054.0,0.0,4254.0,2212.722222222222,1315.3903014169323,1730251.6450617283,1172.0,3349.0,0.25,0.25,0.25,0.0,0.0,0.25,0.25,0.000314524753098,0.0004717871296471,0.0003860554705797,6.13947499821985e-05,3.769315325376663e-09,0.0003321105373971,0.0004412005212888,25956.0,0.02601766586303711,25956.0,0.0,25956.0,0.009505033493041992
srandom_70_14.tsp,70,2485,0.028169014084507,35.5,1.0289855072463767,0.4006593174823628,69,1269486.0,0.0,6331.0,2729.688571428572,1303.1300530864687,1698147.9352571429,1725.0,3734.0,0.0147058823529411,0.0238557478327299,0.0176178673964732,0.0024848617782423,6.1745380569695765e-06,0.0153943219799997,0.0194532704659453,0.0002766562285741,0.0004844723113542,0.0003680759196477,5.13860532540518e-05,2.6405264690282472e-09,0.0003283621168615,0.0004040535457047,1249564.0,13.727365493774414,1788071.0,0.11657285690307617,1124058.0,15.804188251495361
srandom_70_69.tsp,70,2485,0.028169014084507,35.5,1.0289855072463767,0.4003120591987479,69,1221612.0,0.0,5988.0,2582.126530612245,1287.825176178105,1658493.6843981675,1607.0,3524.0,0.0147058823529411,0.0271419437340153,0.0180438209757111,0.0028869305584864,8.334368049522877e-06,0.0155264279624893,0.0199128111092625,0.000273255422536,0.0005184111075214,0.0003943306478356,7.009718975249275e-05,4.913616011196974e-09,0.0003309332140907,0.0004635164312885,1152305.0,17.699881315231323,1804138.0,0.11601400375366211,1098478.0,17.86772084236145
srandom_71_51.tsp,71,2556,0.0277777777777777,36.0,1.0285714285714285,0.3700293437277349,70,1327198.0,0.0,6627.0,2652.1539377107715,1289.1641696876063,1661944.2564063354,1654.0,3637.0,0.0144927536231884,0.0248578178255312,0.0175042524310118,0.0026998355447829,7.28911196887323e-06,0.0149068322981366,0.0195457092333234,0.0002633182614976,0.000488499330058,0.0003793421525199,5.334587745411765e-05,2.845782641349738e-09,0.0003380687011441,0.0004205961088745,1107060.0,19.84195303916931,1771435.0,0.12261509895324707,1051234.0,15.199133157730103
srandom_71_58.tsp,71,2556,0.0277777777777777,36.0,1.0285714285714285,0.3697465368905533,70,1282084.0,0.0,6142.0,2431.684983138266,1201.10060779944,1442642.670056184,1532.0,3293.0,0.0144927536231884,0.0251129753614225,0.018048162877271,0.0032467930231629,1.0541664935259829e-05,0.0150448585231193,0.0204149002596207,0.0002863430717248,0.0005608345217683,0.000419671064234,7.696886347482967e-05,5.924205944606968e-09,0.0003494925038395,0.0004823468949889,1154980.0,13.53889536857605,1747896.0,0.1220850944519043,1094364.0,17.241883993148804
srandom_71_98.tsp,71,2556,0.0277777777777777,36.0,1.0285714285714285,0.3714273367768371,70,1296669.0,0.0,6475.0,2591.0676453084707,1270.9853256676404,1615403.6980624776,1617.0,3518.0,0.0144927536231884,0.024109977324263,0.0178113316987868,0.0026809470767468,7.187477228317493e-06,0.0153554175293305,0.0199837326234841,0.0002722199537226,0.0005113258679756,0.0003906378840011,6.201670419922656e-05,3.846071599734364e-09,0.0003445158844115,0.0004346106311517,1172898.0,15.411188840866089,1744414.0,0.12215399742126465,1114700.0,19.79537272453308
srandom_73_82.tsp,73,2701,0.027027027027027,37.0,1.0277777777777777,0.3701566197442255,72,1501833.0,0.0,6491.0,2578.3584162131733,1270.280124446091,1613611.5945627762,1589.0,3492.0,0.0140845070422535,0.0240684849839779,0.0172412891603309,0.0026671346647742,7.1136073200405325e-06,0.014866979655712,0.0186923958030482,0.0002742846693917,0.0005145687270856,0.0003938151848739,6.619131556929071e-05,4.381290256793428e-09,0.0003409010203356,0.0004534147800623,1314736.0,12.558641910552979,1858291.0,0.13053631782531738,1234788.0,19.74534010887146
srandom_73_93.tsp,73,2701,0.027027027027027,37.0,1.0277777777777777,0.3830528072023866,72,1363561.0,0.0,6119.0,2530.496903734284,1240.3598910993928,1538492.6594480977,1578.0,3430.0,0.0140845070422535,0.0237211145661849,0.017057244165115,0.0026185992464286,6.857062013396433e-06,0.0147365675534689,0.0188575899843505,0.0002690965084728,0.0005244029453965,0.0003990476429095,6.017185499883293e-05,3.6206521340005756e-09,0.0003600936243423,0.0004503546542902,1121535.0,16.56490993499756,1634753.0,0.13243460655212402,1144983.0,19.493520498275757
srandom_76_19.tsp,76,2926,0.0259740259740259,38.5,1.0266666666666666,0.3702978586132709,75,1424038.0,0.0,6593.0,2624.5460526315787,1282.010060401465,1643549.7949705678,1632.75,3562.25,0.0135135135135135,0.022998140998141,0.0169256712689277,0.0026911471321814,7.242272887048391e-06,0.0146111111111111,0.0191697411697411,0.0002679777328369,0.0005066472114137,0.0003863067928149,6.246257119851855e-05,3.9015728007299996e-09,0.0003369128203928,0.0004291252333872,1384510.0,21.645894289016724,2092722.0,0.14966726303100586,1376971.0,23.804288625717163
srandom_7_21.tsp,7,28,0.25,4.0,1.3333333333333333,0.5400781995204456,6,42038.0,0.0,4485.0,2274.734693877551,1361.9616071712817,1854939.41940858,1267.0,3209.0,0.2,0.2,0.1999999999999999,2.775557561562892e-17,7.703719777548943e-34,0.2,0.2,0.0003269576589831,0.0004724409448818,0.0003817630858196,4.5184248765435e-05,2.0416163364967144e-09,0.0003531635309629,0.0003983625263785,27731.0,0.04298758506774902,28920.0,0.0,27731.0,0.013236761093139648
srandom_7_54.tsp,7,28,0.25,4.0,1.3333333333333333,0.5726372176920576,6,44705.0,0.0,4582.0,2487.061224489796,1544.0302340299236,2384029.3635985004,1021.0,3684.0,0.2,0.2,0.1999999999999999,2.775557561562892e-17,7.703719777548943e-34,0.2,0.2,0.0002761286759629,0.0004478280340349,0.0003537733095787,5.747875687538105e-05,3.3038074919391642e-09,0.0003089528503419,0.0003948615850813,32490.0,0.05755043029785156,52766.0,0.0,32490.0,0.014530658721923828
srandom_7_99.tsp,7,28,0.25,4.0,1.3333333333333333,0.4765397785895445,6,55642.0,0.0,5465.0,2422.938775510204,1504.1409292440226,2262439.935027072,940.0,3277.0,0.2,0.2,0.1999999999999999,2.775557561562892e-17,7.703719777548943e-34,0.2,0.2,0.00025320729237,0.0004524545660206,0.0003654076760741,6.231142733023491e-05,3.882713975931147e-09,0.0003398196494596,0.0004151020322124,28450.0,0.05399465560913086,40995.0,0.0,28450.0,0.01351308822631836
srandom_80_59.tsp,80,3240,0.0246913580246913,40.5,1.0253164556962024,0.3862648617375942,79,1596054.0,0.0,6456.0,2694.4434375,1312.1331946683931,1721693.5205506838,1683.75,3702.0,0.0128205128205128,0.0222117859193142,0.0160861430498339,0.0027356711413264,7.483896593486392e-06,0.0135102239532619,0.0176873876240964,0.000267807504034,0.0004881726277282,0.0003755531459764,5.887843516307276e-05,3.466670127252163e-09,0.0003265299143202,0.0004168241467213,1466474.0,18.824118852615356,2102506.0,0.17167925834655762,1382703.0,25.93662428855896
srandom_80_97.tsp,80,3240,0.0246913580246913,40.5,1.0253164556962024,0.3846654688512878,79,1578514.0,0.0,6501.0,2697.3021875,1301.7130080187471,1694456.7552452148,1709.75,3687.75,0.0128205128205128,0.0227778579835541,0.0160132349395249,0.0027017121518309,7.299248551350819e-06,0.0136454614302715,0.0178353336185614,0.0002546735826125,0.000490594861795,0.0003739048855969,5.355329419245592e-05,2.867955318863732e-09,0.0003368316141661,0.0004159245256246,1442832.0,22.89462423324585,2199453.0,0.17250919342041016,1465120.0,23.462666749954224
srandom_81_25.tsp,81,3321,0.024390243902439,41.0,1.025,0.3872435421328375,80,1526071.0,0.0,6216.0,2593.8686175887824,1266.0389236223605,1602854.556126865,1630.0,3552.0,0.0126582278481012,0.023215073428681,0.0160476409687536,0.0028825764285475,8.30924686641823e-06,0.0135021097046413,0.0178000050231062,0.0002747130107515,0.0005157929349262,0.0003915382046035,6.520772117231127e-05,4.252046900485891e-09,0.0003392446717383,0.0004376247914444,1392694.0,21.752607583999634,2224343.0,0.17946815490722656,1357805.0,34.438764810562134
srandom_81_36.tsp,81,3321,0.024390243902439,41.0,1.025,0.3748558801954355,80,1605688.0,0.0,6149.0,2490.27099527511,1243.5466596787232,1546408.29479811,1536.0,3402.0,0.0126582278481012,0.0231178718890918,0.0160671356847361,0.0028737134785354,8.258229156716094e-06,0.0134915611814345,0.0181884191986696,0.000267264448149,0.0005427297951873,0.0004093089486608,7.143959746125837e-05,5.1036160854266325e-09,0.0003569086358505,0.0004734876508502,1348845.0,25.900907039642334,2064028.0,0.18105554580688477,1337729.0,30.18104100227356
srandom_81_73.tsp,81,3321,0.024390243902439,41.0,1.025,0.3759766583057521,80,1560915.0,0.0,6502.0,2635.692729766804,1300.9564673739137,1692487.7300020133,1615.0,3584.0,0.0126582278481012,0.0242201627486437,0.0156779418896562,0.002624184937661,6.8863465870470935e-06,0.013470464135021,0.0179236990154711,0.0002592268559022,0.0005125051250512,0.0003860722249658,6.585333312330862e-05,4.336661483449456e-09,0.000337688102826,0.0004327224734416,1520208.0,24.15005397796631,2387083.0,0.18416905403137207,1429512.0,36.06657791137695
srandom_82_4.tsp,82,3403,0.0240963855421686,41.5,1.0246913580246917,0.3621855655529937,81,1560801.0,0.0,6293.0,2458.9726353361093,1194.2664874451757,1426272.4430346373,1571.0,3336.0,0.0124999999999999,0.0206298316422585,0.0154402508444482,0.0024294918930029,5.902430858167105e-06,0.0133744855967078,0.0172535109138118,0.0002813916728908,0.0005401584464776,0.0004118209432173,6.359359796448588e-05,4.044145702068663e-09,0.0003614468829239,0.0004677414024636,1340527.0,22.664823293685913,2081841.0,0.18759584426879883,1320644.0,32.95441389083862
srandom_83_52.tsp,83,3486,0.0238095238095238,42.0,1.024390243902439,0.3751443210790944,82,1561818.0,0.0,6298.0,2545.481492233996,1253.376334782637,1570952.2365931573,1571.0,3475.0,0.0123456790123456,0.0221534613133529,0.0154850478877385,0.0025011030252961,6.25551634314546e-06,0.0131913078390043,0.0175505892364519,0.0002799169807198,0.0005205589025094,0.0004002104310895,6.912234185532724e-05,4.777898143564725e-09,0.0003462527372878,0.0004537548355,1545724.0,23.42438840866089,2315552.0,0.19439077377319336,1469196.0,40.19453263282776
srandom_84_23.tsp,84,3570,0.0235294117647058,42.5,1.0240963855421688,0.3892366827591888,83,1718895.0,0.0,6601.0,2786.5901360544217,1353.942233975014,1833159.572941252,1716.0,3790.5,0.0121951219512195,0.0220264650620219,0.0151427190108433,0.0023974413416927,5.747724986857339e-06,0.0130644529336859,0.0168142160024322,0.0002578360411295,0.0004552709959464,0.0003624503045767,5.349523693170215e-05,2.861740374378949e-09,0.0003227033435855,0.000403708230314,1518960.0,27.848782062530518,2479523.0,0.20461583137512207,1466370.0,35.64526391029358
srandom_84_90.tsp,84,3570,0.0235294117647058,42.5,1.0240963855421688,0.3799132536210687,83,1512512.0,0.0,6167.0,2530.9798752834467,1243.7630241311658,1546946.460195903,1540.25,3497.25,0.0121951219512195,0.0233924081925845,0.0152151054518961,0.0027398036666607,7.506524131847686e-06,0.0130966957259934,0.0171316020820567,0.0002762532076991,0.0005261823253455,0.0004019324291731,6.888573343288008e-05,4.745244270585812e-09,0.0003512137113689,0.0004602953891132,1374598.0,21.653172492980957,2110415.0,0.2051076889038086,1332711.0,31.769566297531128
srandom_85_79.tsp,85,3655,0.0232558139534883,43.0,1.0238095238095235,0.3772746526836583,84,1642015.0,0.0,6547.0,2684.818546712803,1321.9155025430452,1747460.5958636317,1662.0,3702.0,0.0120481927710843,0.0236398068368808,0.0153305824588076,0.0026234075788548,6.8822673247932106e-06,0.0128595188836152,0.0169097747411,0.0002612110865448,0.0004954962926259,0.000376707109335,5.709116807006644e-05,3.259401471604574e-09,0.0003362474781439,0.0004213588823957,1481219.0,23.48163866996765,2324399.0,0.2085096836090088,1478994.0,30.94417405128479
srandom_86_18.tsp,86,3741,0.0229885057471264,43.5,1.0235294117647058,0.3709761507602794,85,1624194.0,0.0,6519.0,2612.340995132504,1282.4291614294636,1644624.5540846777,1637.0,3561.0,0.0119047619047619,0.0239983872336813,0.0150570681544469,0.0027261905709166,7.432115028954922e-06,0.0128195773258798,0.0168814192343604,0.0002628502866614,0.0005080146786358,0.0003884669724487,6.162230638938978e-05,3.79730864474783e-09,0.0003412269979903,0.0004363107110126,1574633.0,22.747597455978394,2473762.0,0.21534514427185059,1457297.0,31.65932536125183
srandom_88_27.tsp,88,3916,0.0224719101123595,44.5,1.0229885057471264,0.3806633634523509,87,1748298.0,0.0,6127.0,2526.459452479339,1259.4258398915265,1586153.446186477,1544.75,3456.25,0.0116279069767441,0.0231364645994596,0.0149123719476897,0.0026740696480537,7.150648482642387e-06,0.0126620262899965,0.0165708926455771,0.000273254937434,0.0005291681112347,0.0004025041433693,6.642325458300116e-05,4.4120487493981855e-09,0.0003483354306838,0.0004446893542864,1582349.0,23.229121685028076,2445469.0,0.23423457145690918,1555865.0,36.93270015716553
srandom_88_40.tsp,88,3916,0.0224719101123595,44.5,1.0229885057471264,0.3725575087628491,87,1596887.0,0.0,6233.0,2513.27944214876,1236.667678362087,1529346.9467054738,1543.75,3428.5,0.0116279069767441,0.0247982748784673,0.0149655295072273,0.0027481692979631,7.552434490267458e-06,0.0125167067628976,0.0168269455157987,0.0002653328860288,0.0005342700458735,0.0004042653773034,6.573504480638746e-05,4.3210961156977674e-09,0.0003481388808896,0.0004544354506139,1494651.0,29.81444764137268,2573610.0,0.23199152946472168,1477625.0,30.06976580619812
srandom_88_43.tsp,88,3916,0.0224719101123595,44.5,1.0229885057471264,0.4079498323674455,87,1767218.0,0.0,6230.0,2747.8483987603304,1307.9096104367643,1710627.549072849,1738.0,3761.25,0.0116279069767441,0.0213302401955168,0.0144518688692778,0.0025894621932512,6.7053144502773945e-06,0.0119944276520058,0.0162423148890671,0.0002728598535338,0.0004739233224748,0.0003663192168567,4.991348539582096e-05,2.4913560243588324e-09,0.0003281692769817,0.0004075309354521,1580540.0,23.66353940963745,2631497.0,0.2298140525817871,1614525.0,43.895424127578735
srandom_89_47.tsp,89,4005,0.0222222222222222,45.0,1.0227272727272727,0.3982553098729099,88,1849593.0,0.0,6332.0,2730.69864916046,1339.9825300616944,1795553.18087054,1712.0,3728.0,0.0114942528735632,0.020416426983172,0.0146496798214967,0.0025054203189926,6.277130974821076e-06,0.012234413096482,0.0165926288203965,0.0002708659090629,0.00049804460895,0.0003727983807954,6.484140812717713e-05,4.2044082079151525e-09,0.0003218009149385,0.0004192672352184,1677497.0,29.540759563446045,2565190.0,0.23867273330688477,1568535.0,33.61750769615173
srandom_89_91.tsp,89,4005,0.0222222222222222,45.0,1.0227272727272727,0.3851453083006247,88,1926727.0,0.0,6411.0,2665.7235197576065,1301.147786859984,1692985.563250634,1664.0,3629.0,0.0114942528735632,0.0229857785892268,0.0148153137996748,0.002716866794866,7.381365181045793e-06,0.0125749489973627,0.0167318712577333,0.0002734923732922,0.0005065914455126,0.0003813453826819,6.394959219158721e-05,4.0895503414703115e-09,0.0003295929527034,0.0004259685944972,1756920.0,29.99906015396118,2548906.0,0.24263811111450195,1663198.0,42.437328815460205
srandom_8_12.tsp,8,36,0.2222222222222222,4.5,1.2857142857142858,0.5692524182673175,7,45463.0,0.0,5047.0,2801.96875,1639.165250294624,2686862.717773437,1682.75,4172.0,0.1666666666666666,0.1666666666666666,0.1666666666666666,0.0,0.0,0.1666666666666666,0.1666666666666666,0.000274682153508,0.0003503152837553,0.0003141230700339,2.378781132909461e-05,5.65859967828602e-10,0.0002977887932795,0.0003272401411025,40263.0,0.06608057022094727,50510.0,0.0010004043579101562,38075.0,0.015030622482299805
srandom_8_76.tsp,8,36,0.2222222222222222,4.5,1.2857142857142858,0.4508545336708409,7,51467.0,0.0,5010.0,2195.0625,1431.6314761815452,2049568.68359375,1270.0,3444.75,0.1666666666666666,0.1984126984126983,0.1706349206349206,0.0104990131391451,0.0001102292768959,0.1666666666666666,0.1666666666666666,0.0002607464799225,0.0005147058823529,0.000418751399207,8.249626217867529e-05,6.805633273452731e-09,0.0003866696580499,0.0004753822557182,28859.0,0.09512805938720703,57238.0,0.0009999275207519531,28859.0,0.016030550003051758
srandom_90_56.tsp,90,4095,0.0219780219780219,45.5,1.0224719101123596,0.3699879320093204,89,1778306.0,0.0,6383.0,2546.2017283950618,1228.999316536179,1510439.3200463953,1600.0,3455.0,0.0113636363636363,0.0223023592852499,0.0144190468477935,0.0024978796743491,6.239402867526577e-06,0.012104745285925,0.0162126380174133,0.0002621139341534,0.0005280582881418,0.0003983874261962,6.361718334332892e-05,4.047146016538726e-09,0.0003486560037891,0.000451839254956,1627859.0,26.675812244415283,2587272.0,0.2490391731262207,1589069.0,40.272050857543945
srandom_91_13.tsp,91,4186,0.0217391304347826,46.0,1.022222222222222,0.3781210430153895,90,1831968.0,0.0,6268.0,2561.957251539669,1250.263331995244,1563158.3993318495,1598.0,3478.0,0.0112359550561797,0.020540683699564,0.0142612323304291,0.0024900830765962,6.200513728350987e-06,0.0121855256686717,0.0161078909299883,0.0002693884881319,0.0005247721614199,0.0003962018987052,6.321002264785248e-05,3.995506963142024e-09,0.0003447544542365,0.0004384772075788,1614212.0,38.307291984558105,2749491.0,0.25238728523254395,1624504.0,40.51571226119995
srandom_91_48.tsp,91,4186,0.0217391304347826,46.0,1.022222222222222,0.3460577794388669,90,1898828.0,0.0,6592.0,2459.489675160005,1213.0908130797775,1471589.3207785562,1538.0,3337.0,0.0112359550561797,0.0196436868721512,0.0145983846705577,0.0025218147847105,6.359549808384736e-06,0.0121196898537722,0.0164892099161762,0.0002731220582478,0.0005452826987858,0.000415005459807,7.16089279258401e-05,5.127838558688161e-09,0.0003573764851974,0.0004759764185954,1706248.0,28.319514274597168,2569302.0,0.2567782402038574,1603136.0,40.48500370979309
srandom_91_9.tsp,91,4186,0.0217391304347826,46.0,1.022222222222222,0.3805107469425671,90,1997088.0,0.0,6470.0,2659.0679869580968,1289.157348179084,1661926.668364128,1662.0,3609.0,0.0112359550561797,0.0218616622217883,0.0143062961282835,0.0024873094702879,6.186708400984108e-06,0.0122555139409071,0.0157436995888931,0.0002679257190828,0.0005039645208977,0.0003814200411076,5.997434657963784e-05,3.596922247654517e-09,0.0003383661385787,0.0004244570720945,1758043.0,31.982272148132324,2722251.0,0.25543642044067383,1673898.0,39.477901458740234
srandom_91_96.tsp,91,4186,0.0217391304347826,46.0,1.022222222222222,0.3673927823042858,90,1930185.0,0.0,6436.0,2549.6686390532545,1239.2334390959395,1535699.5165735497,1582.0,3449.0,0.0112359550561797,0.0198695083526544,0.0142180976602091,0.0023392139308313,5.471921814195376e-06,0.0125723797633909,0.0156481211256492,0.0002742096668047,0.0005219115881769,0.0003987819389961,6.570448237395074e-05,4.317079004028804e-09,0.0003516445868499,0.0004587266528927,1603056.0,30.02150869369507,2692697.0,0.2572665214538574,1651652.0,43.84616756439209
srandom_95_81.tsp,95,4560,0.0208333333333333,48.0,1.0212765957446808,0.387272382939803,94,2021345.0,0.0,6313.0,2653.9946814404434,1279.4515222807192,1636996.1978664498,1649.0,3627.0,0.010752688172043,0.0191354998492953,0.0138567415934137,0.0024035369653561,5.776989943833265e-06,0.0117376249668631,0.0158964189677985,0.0002560066234905,0.0004901577369312,0.0003801050747422,5.21663826850758e-05,2.7213314824457767e-09,0.0003397619194862,0.0004235207476454,1686640.0,39.880181074142456,3065490.0,0.2944016456604004,1758693.0,41.9183304309845
srandom_96_63.tsp,96,4656,0.0206185567010309,48.5,1.0210526315789474,0.3845029804793582,95,2105686.0,0.0,6062.0,2512.8385416666665,1211.9015492152134,1468705.3649902344,1581.75,3405.0,0.0106382978723404,0.0208587873885215,0.0139309654066822,0.0027191311654318,7.393674294822712e-06,0.0116532243729892,0.0159889059062454,0.0002777794022187,0.0005360478041789,0.0004042481325412,6.516407542719688e-05,4.246356726281403e-09,0.0003547730614595,0.0004602267894792,1909301.0,33.30633497238159,2808284.0,0.29734373092651367,1847337.0,45.883843183517456
srandom_99_74.tsp,99,4950,0.02,50.0,1.020408163265306,0.3830800645872334,98,2229878.0,0.0,6074.0,2506.0338740944803,1213.9672420305974,1473716.4647233752,1582.0,3388.0,0.0103092783505154,0.0212071970855896,0.0135299919258131,0.0027178650706212,7.386790542103168e-06,0.0112385160249666,0.0153247899329321,0.0002879109708769,0.0005403676705742,0.0004063098388733,6.817667961605738e-05,4.648059643470534e-09,0.0003461774509984,0.0004611526096159,2002650.0,46.667097330093384,3304424.0,0.331193208694458,1961511.0,60.949679374694824
srandom_9_35.tsp,9,45,0.2,5.0,1.25,0.4819852116849416,8,97216.0,0.0,5994.0,2804.41975308642,1732.2383568787277,3000649.7250419143,1666.0,4245.0,0.1428571428571428,0.1785714285714285,0.1468253968253968,0.0112239171616912,0.0001259763164525,0.1428571428571428,0.1428571428571428,0.0002336926357608,0.0004479032528973,0.0003357081959803,8.04838657370769e-05,6.477652643983821e-09,0.0002762621728019,0.0004341691088679,53088.0,0.09788203239440918,74183.0,0.0,53088.0,0.02652430534362793
