file,n,m,ratio1,ratio2,density,min,max,mean,std,var,GILS_cost,GILS_time,GRASP_cost,GRASP_time,DBMEA_cost,DBMEA_time,Min_val,Min_col
att48.tsp,48,1176,0.0408163265306122,24.5,1.0425531914893618,0.0,2662.0,1017.5598958333334,627.5984137822,393879.7689819336,226229.0,6.474685430526733,301702.0,0.0260190963745117,207771.0,5.288543462753296,207771.0,DBMEA_cost
berlin52.tsp,52,1378,0.0377358490566037,26.5,1.03921568627451,0.0,1716.0,564.1886094674556,345.72205216830304,119523.73735546286,145419.0,6.054586887359619,191072.0,0.0315332412719726,143278.0,5.374160051345825,143278.0,DBMEA_cost
brazil58.tsp,58,1711,0.0338983050847457,29.5,1.0350877192982455,0.0,8700.0,2094.9143876337694,1426.139588485403,2033874.1258453147,532454.0,8.013889074325562,709540.0,0.0434129238128662,535150.0,9.045839548110962,532454.0,GILS_cost
burma14.tsp,14,105,0.1333333333333333,7.5,1.1538461538461535,1.0,1261.0,442.6122448979592,272.51147261575125,74262.50270720533,16457.0,0.1562180519104004,18393.0,0.0010004043579101,16457.0,0.0820722579956054,16457.0,GILS_cost
dantzig42.tsp,42,903,0.0465116279069767,21.5,1.048780487804878,0.0,192.0,72.29591836734694,43.48158529750573,1890.6482599842657,12392.0,2.579336166381836,14523.0,0.0160441398620605,12256.0,3.3250982761383057,12256.0,DBMEA_cost
eil101.tsp,101,5151,0.0196078431372549,51.0,1.02,0.0,92.0,33.58023723164396,16.613750975647413,276.01672148082537,30309.0,33.69247031211853,44847.0,0.224252700805664,30402.0,77.14104986190796,30309.0,GILS_cost
eil51.tsp,51,1326,0.0384615384615384,26.0,1.04,0.0,86.0,31.76086120722799,15.586857204726323,242.95011752052892,10538.0,4.445834636688232,12622.0,0.0305237770080566,10122.0,6.820752143859863,10122.0,DBMEA_cost
eil76.tsp,76,2926,0.0259740259740259,38.5,1.0266666666666666,0.0,85.0,32.759349030470915,16.107539265290864,259.4528211828869,19220.0,15.806304931640623,26419.0,0.0976178646087646,19134.0,24.625105381011963,19134.0,DBMEA_cost
gr48.tsp,48,1176,0.0408163265306122,24.5,1.0425531914893618,0.0,1083.0,428.76649305555554,219.69222905972143,48264.67550922912,103651.0,3.9509339332580566,141005.0,0.0240821838378906,106126.0,3.431821823120117,103651.0,GILS_cost
gr96.tsp,96,4656,0.0206185567010309,48.5,1.0210526315789474,1.0,9850.0,3821.365234375,1984.4914186273488,3938206.1906055873,2211194.0,31.375903606414795,3652290.0,0.1980652809143066,2315493.0,40.68095803260803,2211194.0,GILS_cost
hk48.tsp,48,1176,0.0408163265306122,24.5,1.0425531914893618,0.0,2734.0,1001.5486111111112,592.2699017558201,350783.6365258488,234801.0,4.496325969696045,285599.0,0.0255353450775146,245749.0,5.451887607574463,234801.0,GILS_cost
kroA100.tsp,100,5050,0.0198019801980198,50.5,1.02020202020202,0.0,4150.0,1693.5934,927.2014221712776,859702.47727644,1070206.0,44.28989577293396,1903677.0,0.2182133197784423,1054304.0,76.48229765892029,1054304.0,DBMEA_cost
kroB100.tsp,100,5050,0.0198019801980198,50.5,1.02020202020202,0.0,4167.0,1670.6668,923.7124928124337,853244.76937776,1118817.0,46.88641977310181,2029719.0,0.211301565170288,1032121.0,58.52865815162659,1032121.0,DBMEA_cost
kroC100.tsp,100,5050,0.0198019801980198,50.5,1.02020202020202,0.0,4187.0,1683.5478,921.8353994695364,849780.50371516,1092884.0,43.61227202415466,1928694.0,0.2107279300689697,1010140.0,66.87041068077087,1010140.0,DBMEA_cost
kroD100.tsp,100,5050,0.0198019801980198,50.5,1.02020202020202,0.0,4028.0,1614.793,877.9926378683366,770871.072151,1100068.0,43.36691927909851,2019253.0,0.2172334194183349,1031287.0,66.87906384468079,1031287.0,DBMEA_cost
kroE100.tsp,100,5050,0.0198019801980198,50.5,1.02020202020202,0.0,4138.0,1714.8328,944.728761097152,892512.4320441599,1067892.0,50.3630895614624,2037197.0,0.2097222805023193,1062846.0,62.90598011016846,1062846.0,DBMEA_cost
lin105.tsp,105,5565,0.0188679245283018,53.0,1.0192307692307692,0.0,3189.0,1166.136961451247,677.3723188461915,458833.2583390665,675995.0,34.05562734603882,1194536.0,0.2420289516448974,705856.0,71.41003775596619,675995.0,GILS_cost
mod_att48.tsp,49,1225,0.04,25.0,1.0416666666666667,0.0,44444.0,2695.0903790087464,8246.357104804112,68002405.49995326,275906.0,6.635325908660889,372743.0,0.0255322456359863,265796.0,7.369806528091431,265796.0,DBMEA_cost
mod_berlin52.tsp,53,1431,0.037037037037037,27.0,1.0384615384615383,0.0,141271.0,5744.385190459238,26422.116693610024,698128250.5707455,297560.0,5.956643104553223,349353.0,0.0316548347473144,292671.0,5.542080879211426,292671.0,DBMEA_cost
mod_burma14.tsp,15,120,0.125,8.0,1.1428571428571428,1.0,14029.0,2047.64,4272.532063121353,18254530.2304,32810.0,0.1924519538879394,35393.0,0.0010004043579101,33071.0,0.0965476036071777,32810.0,GILS_cost
mod_eil101.tsp,102,5253,0.0194174757281553,51.5,1.0198019801980198,0.0,1406.0,59.401191849288736,184.2805485955028,33959.32059065946,33322.0,35.09529232978821,47644.0,0.2232391834259033,32520.0,75.962229013443,32520.0,DBMEA_cost
mod_eil51.tsp,52,1378,0.0377358490566037,26.5,1.03921568627451,0.0,1405.0,81.87352071005917,253.65531487887813,64341.01876630281,12577.0,4.31977105140686,14380.0,0.0305244922637939,12306.0,7.149182081222534,12306.0,DBMEA_cost
mod_eil76.tsp,77,3003,0.0256410256410256,39.0,1.0263157894736843,0.0,1399.0,66.7589812784618,210.26218787801,44210.18765124759,21067.0,15.847935199737549,27892.0,0.1006219387054443,20560.0,23.675825119018555,20560.0,DBMEA_cost
mod_gr96.tsp,97,4753,0.0204081632653061,49.0,1.0208333333333333,1.0,14025.0,3957.8653416941215,2201.669974889056,4847350.678327976,2303370.0,33.55856776237488,3962806.0,0.1927237510681152,2367461.0,38.13759350776672,2303370.0,GILS_cost
mod_kroA100.tsp,101,5151,0.0196078431372549,51.0,1.02,0.0,141277.0,4390.3462405646505,19093.64469947324,364567267.9097224,1225730.0,46.038737773895264,2152375.0,0.2168233394622802,1224693.0,77.14578604698181,1224693.0,DBMEA_cost
mod_kroB100.tsp,101,5151,0.0196078431372549,51.0,1.02,0.0,141320.0,4366.089991177336,19084.078980223752,364202070.52341807,1261618.0,49.00820469856262,2226265.0,0.2180593013763427,1310492.0,61.264394998550415,1261618.0,GILS_cost
mod_kroC100.tsp,101,5151,0.0196078431372549,51.0,1.02,0.0,141395.0,4382.6850308793255,19110.256263455907,365201894.45495576,1262474.0,34.45268368721008,2088618.0,0.2222208976745605,1258274.0,76.32413244247437,1258274.0,DBMEA_cost
mod_kroD100.tsp,101,5151,0.0196078431372549,51.0,1.02,0.0,141208.0,4316.144691696893,19123.7448207936,365717615.9708298,1256498.0,38.85083961486816,2175523.0,0.2159709930419922,1271251.0,69.12156581878662,1256498.0,GILS_cost
mod_kroE100.tsp,101,5151,0.0196078431372549,51.0,1.02,0.0,141277.0,4410.90951867464,19089.76125175749,364418984.6491017,1260413.0,49.1514790058136,2309998.0,0.461771011352539,1299854.0,65.90412926673889,1260413.0,GILS_cost
mod_lin105.tsp,106,5671,0.0186915887850467,53.5,1.019047619047619,0.0,141325.0,3760.1495194019226,18809.230309617364,353787144.8402285,828646.0,36.85026240348816,1368192.0,0.2542247772216797,891887.0,69.89092063903809,828646.0,GILS_cost
mod_pr107.tsp,108,5886,0.018348623853211,54.5,1.0186915887850467,0.0,132200.0,7587.617283950617,16641.118402988843,276926821.7022939,2298171.0,49.94424915313721,4356131.0,0.2644596099853515,2333166.0,64.51802110671997,2298171.0,GILS_cost
mod_pr76.tsp,77,3003,0.0256410256410256,39.0,1.0263157894736843,0.0,140715.0,10578.913476134256,19650.864305106235,386156467.9376983,3738172.0,14.904951095581056,5687786.0,0.0976319313049316,4267254.0,25.80138349533081,3738172.0,GILS_cost
mod_rat99.tsp,100,5050,0.0198019801980198,50.5,1.02020202020202,0.0,1406.0,108.2848,176.42795041874743,31126.821688960004,63993.0,31.700262308120728,99191.0,0.2127726078033447,64328.0,72.22724914550781,63993.0,GILS_cost
mod_st70.tsp,71,2556,0.0277777777777777,36.0,1.0285714285714285,0.0,1403.0,87.27117635389804,213.14910374868603,45432.54042886813,25201.0,16.0758216381073,35934.0,0.075700044631958,24686.0,15.771074056625366,24686.0,DBMEA_cost
pr107.tsp,107,5778,0.0185185185185185,54.0,1.018867924528302,0.0,10691.0,5353.732203685911,3134.1516036546373,9822906.274690934,2113117.0,46.112234115600586,4091497.0,0.2660596370697021,2188050.0,60.45160079002381,2113117.0,GILS_cost
pr76.tsp,76,2926,0.0259740259740259,38.5,1.0266666666666666,0.0,22674.0,7459.237534626039,3982.505723662762,15860351.839006666,3466012.0,12.177507638931274,5131147.0,0.0950965881347656,3715885.0,22.70819664001465,3466012.0,GILS_cost
random_100_0.tsp,100,5050,0.0198019801980198,50.5,1.02020202020202,0.0,645.0,251.964,121.29356250024156,14712.128304000002,199443.0,38.02773690223694,343833.0,0.2137091159820556,193832.0,67.89569044113159,193832.0,DBMEA_cost
random_100_1.tsp,100,5050,0.0198019801980198,50.5,1.02020202020202,0.0,653.0,261.6642,125.9465896257616,15862.54343836,191675.0,47.25315523147583,338273.0,0.2122659683227539,179287.0,70.39653182029724,179287.0,DBMEA_cost
random_100_2.tsp,100,5050,0.0198019801980198,50.5,1.02020202020202,0.0,610.0,253.213,122.41019904811854,14984.256831,191650.0,37.48313283920288,319186.0,0.2124323844909668,187390.0,73.69952845573425,187390.0,DBMEA_cost
random_100_3.tsp,100,5050,0.0198019801980198,50.5,1.02020202020202,0.0,676.0,265.8194,130.13763169675406,16935.803183640004,197804.0,31.77650046348572,318863.0,0.2117538452148437,190321.0,71.80225682258606,190321.0,DBMEA_cost
random_100_4.tsp,100,5050,0.0198019801980198,50.5,1.02020202020202,0.0,623.0,258.5526,124.01530886644602,15379.796833240003,186810.0,37.75858783721924,340719.0,0.2117507457733154,189495.0,69.92271280288696,186810.0,GILS_cost
random_100_5.tsp,100,5050,0.0198019801980198,50.5,1.02020202020202,0.0,635.0,248.6112,121.85830802436082,14849.44723456,197788.0,34.089958906173706,325912.0,0.2130312919616699,189798.0,63.9948468208313,189798.0,DBMEA_cost
random_100_6.tsp,100,5050,0.0198019801980198,50.5,1.02020202020202,0.0,649.0,283.3196,135.7672473604735,18432.74545584,203193.0,33.0801465511322,319264.0,0.2097065448760986,200232.0,52.40556645393372,200232.0,DBMEA_cost
random_100_7.tsp,100,5050,0.0198019801980198,50.5,1.02020202020202,0.0,655.0,266.254,128.9432289187765,16626.356284,194358.0,37.59553003311157,291695.0,0.2162482738494873,187703.0,62.71569561958313,187703.0,DBMEA_cost
random_100_8.tsp,100,5050,0.0198019801980198,50.5,1.02020202020202,0.0,677.0,267.9704,131.69014057187425,17342.293123839998,198252.0,39.41764283180237,326676.0,0.2117364406585693,196737.0,60.39082169532776,196737.0,DBMEA_cost
random_100_9.tsp,100,5050,0.0198019801980198,50.5,1.02020202020202,0.0,618.0,256.4242,123.96363924296512,15366.98385436,195801.0,44.00591206550598,331554.0,0.2135164737701416,183864.0,68.16908621788025,183864.0,DBMEA_cost
random_10_0.tsp,10,55,0.1818181818181818,5.5,1.2222222222222223,0.0,481.0,220.3,131.50091254436222,17292.49,5118.0,0.0897662639617919,6067.0,0.0,5118.0,0.0373623371124267,5118.0,GILS_cost
random_10_1.tsp,10,55,0.1818181818181818,5.5,1.2222222222222223,0.0,541.0,262.42,157.31320224316838,24747.4436,5093.0,0.0610702037811279,5093.0,0.0,5093.0,0.0460224151611328,5093.0,GILS_cost
random_10_2.tsp,10,55,0.1818181818181818,5.5,1.2222222222222223,0.0,455.0,240.04,138.01868858962544,19049.1584,5313.0,0.084111213684082,7487.0,0.0,5313.0,0.0455436706542968,5313.0,GILS_cost
random_10_3.tsp,10,55,0.1818181818181818,5.5,1.2222222222222223,0.0,519.0,252.24,148.09815123761675,21933.0624,6001.0,0.128577709197998,9599.0,0.0,6001.0,0.053556203842163,6001.0,GILS_cost
random_10_4.tsp,10,55,0.1818181818181818,5.5,1.2222222222222223,0.0,500.0,220.76,127.21942618955644,16184.7824,5650.0,0.0755989551544189,6255.0,0.0,5650.0,0.0455608367919921,5650.0,GILS_cost
random_10_5.tsp,10,55,0.1818181818181818,5.5,1.2222222222222223,0.0,504.0,246.16,139.66837294104917,19507.2544,5818.0,0.1156141757965087,7504.0,0.0,5818.0,0.0390295982360839,5818.0,GILS_cost
random_10_6.tsp,10,55,0.1818181818181818,5.5,1.2222222222222223,0.0,511.0,220.12,125.22310329967073,15680.8256,5566.0,0.1166017055511474,7851.0,0.0,5566.0,0.0410513877868652,5566.0,GILS_cost
random_10_7.tsp,10,55,0.1818181818181818,5.5,1.2222222222222223,0.0,476.0,206.66,117.16716434223368,13728.144399999996,5387.0,0.115605354309082,6947.0,0.0005028247833251,5387.0,0.0440404415130615,5387.0,GILS_cost
random_10_8.tsp,10,55,0.1818181818181818,5.5,1.2222222222222223,0.0,553.0,276.74,150.29075952965306,22587.312400000003,6191.0,0.0981204509735107,8802.0,0.0,6191.0,0.036036729812622,6191.0,GILS_cost
random_10_9.tsp,10,55,0.1818181818181818,5.5,1.2222222222222223,0.0,571.0,251.5,157.89442675408148,24930.65,5275.0,0.0755794048309326,5605.0,0.000502586364746,5275.0,0.039963960647583,5275.0,GILS_cost
random_20_0.tsp,20,210,0.0952380952380952,10.5,1.105263157894737,0.0,515.0,225.85,117.62328638496716,13835.2375,14438.0,0.7491190433502197,23258.0,0.002000093460083,14370.0,0.2817728519439697,14370.0,DBMEA_cost
random_20_1.tsp,20,210,0.0952380952380952,10.5,1.105263157894737,0.0,564.0,258.095,132.2787056747986,17497.655974999998,18155.0,0.4224748611450195,22263.0,0.0020105838775634,17589.0,0.2487204074859619,17589.0,DBMEA_cost
random_20_2.tsp,20,210,0.0952380952380952,10.5,1.105263157894737,0.0,531.0,244.41,130.85099120755638,17121.9819,15561.0,0.3233966827392578,18795.0,0.0020008087158203,15564.0,0.2627966403961181,15561.0,GILS_cost
random_20_3.tsp,20,210,0.0952380952380952,10.5,1.105263157894737,0.0,522.0,261.155,139.2278383621609,19384.390975,15691.0,0.5920133590698242,20964.0,0.0020003318786621,15626.0,0.2573170661926269,15626.0,DBMEA_cost
random_20_4.tsp,20,210,0.0952380952380952,10.5,1.105263157894737,0.0,629.0,236.155,128.14496078660292,16421.130975,15495.0,0.3971936702728271,18769.0,0.0020008087158203,14972.0,0.2643842697143554,14972.0,DBMEA_cost
random_20_5.tsp,20,210,0.0952380952380952,10.5,1.105263157894737,0.0,539.0,229.665,128.53101872699835,16520.222775,12912.0,0.5004794597625732,18198.0,0.0020005702972412,13036.0,0.3148603439331054,12912.0,GILS_cost
random_20_6.tsp,20,210,0.0952380952380952,10.5,1.105263157894737,0.0,581.0,261.06,147.53927070444666,21767.8364,18323.0,0.4940330982208252,22766.0,0.0020008087158203,17360.0,0.3040776252746582,17360.0,DBMEA_cost
random_20_7.tsp,20,210,0.0952380952380952,10.5,1.105263157894737,0.0,540.0,244.62,128.11598495113716,16413.7056,16156.0,0.6377594470977783,24433.0,0.0020003318786621,16156.0,0.2531526088714599,16156.0,GILS_cost
random_20_8.tsp,20,210,0.0952380952380952,10.5,1.105263157894737,0.0,602.0,251.04,132.43246731825244,17538.3584,16576.0,0.3254227638244629,20330.0,0.0020008087158203,17006.0,0.2215745449066162,16576.0,GILS_cost
random_20_9.tsp,20,210,0.0952380952380952,10.5,1.105263157894737,0.0,557.0,259.625,133.05620757785036,17703.954375,15870.0,0.4601461887359619,20737.0,0.0020015239715576,15918.0,0.2572312355041504,15870.0,GILS_cost
random_30_0.tsp,30,465,0.064516129032258,15.5,1.0689655172413792,0.0,621.0,259.6177777777778,131.91396403024527,17401.29390617284,28591.0,1.0747873783111572,30791.0,0.0065042972564697,28187.0,1.015777587890625,28187.0,DBMEA_cost
random_30_1.tsp,30,465,0.064516129032258,15.5,1.0689655172413792,0.0,509.0,235.97333333333333,118.7801300255598,14108.719288888888,27320.0,1.433558225631714,36002.0,0.0065054893493652,27727.0,0.9222815036773682,27320.0,GILS_cost
random_30_2.tsp,30,465,0.064516129032258,15.5,1.0689655172413792,0.0,580.0,242.72222222222223,127.54014860495045,16266.48950617284,31882.0,1.0858376026153564,34648.0,0.0050013065338134,31149.0,1.0934343338012695,31149.0,DBMEA_cost
random_30_3.tsp,30,465,0.064516129032258,15.5,1.0689655172413792,0.0,632.0,276.4977777777778,141.86855025204596,20126.685550617287,32865.0,1.6275193691253662,41286.0,0.0065114498138427,32587.0,0.7698585987091064,32587.0,DBMEA_cost
random_30_4.tsp,30,465,0.064516129032258,15.5,1.0689655172413792,0.0,572.0,236.4711111111111,123.05729581914672,15143.098054320986,29997.0,1.4858989715576172,39277.0,0.0060009956359863,28810.0,1.0374574661254885,28810.0,DBMEA_cost
random_30_5.tsp,30,465,0.064516129032258,15.5,1.0689655172413792,0.0,579.0,243.83333333333331,123.84537402207104,15337.676666666666,28346.0,1.4396040439605713,36163.0,0.0065045356750488,28246.0,0.8674290180206299,28246.0,DBMEA_cost
random_30_6.tsp,30,465,0.064516129032258,15.5,1.0689655172413792,0.0,573.0,264.02666666666664,133.02998559222152,17696.977066666666,32742.0,1.2389426231384275,38503.0,0.0055129528045654,31680.0,0.9979021549224854,31680.0,DBMEA_cost
random_30_7.tsp,30,465,0.064516129032258,15.5,1.0689655172413792,0.0,572.0,258.47777777777776,127.06689644765667,16145.996172839506,29865.0,1.8595025539398196,40923.0,0.0060014724731445,29816.0,0.8930401802062988,29816.0,DBMEA_cost
random_30_8.tsp,30,465,0.064516129032258,15.5,1.0689655172413792,0.0,515.0,201.76666666666668,106.48230421582316,11338.48111111111,26130.0,0.952324151992798,29440.0,0.0065164566040039,24237.0,0.8619534969329834,24237.0,DBMEA_cost
random_30_9.tsp,30,465,0.064516129032258,15.5,1.0689655172413792,0.0,625.0,249.7577777777778,128.57964758405393,16532.72577283951,27228.0,1.799238920211792,40820.0,0.0055043697357177,25155.0,0.7630395889282227,25155.0,DBMEA_cost
random_40_0.tsp,40,820,0.048780487804878,20.5,1.051282051282051,0.0,580.0,250.1025,126.63525178144512,16036.48699375,48681.0,2.733460664749145,57875.0,0.0135154724121093,46601.0,2.942981481552124,46601.0,DBMEA_cost
random_40_1.tsp,40,820,0.048780487804878,20.5,1.051282051282051,0.0,537.0,245.72375,122.99711352685274,15128.2899359375,45223.0,2.86643385887146,57425.0,0.0145139694213867,41824.0,2.509451389312744,41824.0,DBMEA_cost
random_40_2.tsp,40,820,0.048780487804878,20.5,1.051282051282051,0.0,597.0,247.93125,126.7947219857258,16076.9015234375,46733.0,3.910172939300537,66892.0,0.0140168666839599,46554.0,3.120239496231079,46554.0,DBMEA_cost
random_40_3.tsp,40,820,0.048780487804878,20.5,1.051282051282051,0.0,627.0,254.22875,132.0042193395253,17425.1139234375,50839.0,2.751582622528076,64527.0,0.0140261650085449,46921.0,2.409901857376098,46921.0,DBMEA_cost
random_40_4.tsp,40,820,0.048780487804878,20.5,1.051282051282051,0.0,636.0,268.22125,132.72011828821394,17614.6297984375,50801.0,2.390136241912842,60825.0,0.0145070552825927,49203.0,3.010152578353882,49203.0,DBMEA_cost
random_40_5.tsp,40,820,0.048780487804878,20.5,1.051282051282051,0.0,607.0,259.4975,129.45151599633743,16757.694993750003,46200.0,3.122889280319214,67425.0,0.0145061016082763,47100.0,2.138277769088745,46200.0,GILS_cost
random_40_6.tsp,40,820,0.048780487804878,20.5,1.051282051282051,0.0,550.0,248.8425,122.58360491415644,15026.740193750002,48682.0,2.470571517944336,67306.0,0.0145075321197509,47229.0,3.1507067680358887,47229.0,DBMEA_cost
random_40_7.tsp,40,820,0.048780487804878,20.5,1.051282051282051,0.0,591.0,271.6575,133.54412264772267,17834.03269375,53346.0,2.68898344039917,63319.0,0.0145268440246582,48579.0,2.6080288887023926,48579.0,DBMEA_cost
random_40_8.tsp,40,820,0.048780487804878,20.5,1.051282051282051,0.0,588.0,256.90875,126.966877268985,16120.5879234375,45373.0,3.435960292816162,62971.0,0.014514684677124,44959.0,2.5929229259490967,44959.0,DBMEA_cost
random_40_9.tsp,40,820,0.048780487804878,20.5,1.051282051282051,0.0,586.0,262.0575,130.39901914412548,17003.90419375,42689.0,2.4636945724487305,56977.0,0.0140254497528076,42482.0,2.1313257217407227,42482.0,DBMEA_cost
random_50_0.tsp,50,1275,0.0392156862745098,25.5,1.0408163265306123,0.0,626.0,255.4296,132.05189981155135,17437.70424384,59056.0,4.776275157928467,84432.0,0.0270659923553466,58111.0,5.847266435623169,58111.0,DBMEA_cost
random_50_1.tsp,50,1275,0.0392156862745098,25.5,1.0408163265306123,0.0,606.0,261.7816,129.95720334571686,16888.87470144,67646.0,4.561665296554565,83402.0,0.027029275894165,64843.0,5.094521522521973,64843.0,DBMEA_cost
random_50_2.tsp,50,1275,0.0392156862745098,25.5,1.0408163265306123,0.0,612.0,235.516,122.64132478084213,15040.894544,65034.0,4.832793951034546,87616.0,0.0275390148162841,59883.0,5.618360996246338,59883.0,DBMEA_cost
random_50_3.tsp,50,1275,0.0392156862745098,25.5,1.0408163265306123,0.0,572.0,241.092,122.902889860247,15105.120336000002,61825.0,4.27149224281311,85649.0,0.0271563529968261,63014.0,6.524445533752441,61825.0,GILS_cost
random_50_4.tsp,50,1275,0.0392156862745098,25.5,1.0408163265306123,0.0,643.0,242.1736,122.72175790396746,15060.62986304,65509.0,6.118112087249756,86533.0,0.0278925895690917,60521.0,6.057598829269409,60521.0,DBMEA_cost
random_50_5.tsp,50,1275,0.0392156862745098,25.5,1.0408163265306123,0.0,608.0,265.3368,131.61840359828105,17323.40416576,67656.0,5.569552898406982,84427.0,0.0265233516693115,65200.0,5.935321807861328,65200.0,DBMEA_cost
random_50_6.tsp,50,1275,0.0392156862745098,25.5,1.0408163265306123,0.0,665.0,255.112,128.14159143697256,16420.267456,70371.0,5.246710538864136,94525.0,0.0280365943908691,67545.0,7.2336649894714355,67545.0,DBMEA_cost
random_50_7.tsp,50,1275,0.0392156862745098,25.5,1.0408163265306123,0.0,558.0,223.3264,116.85255265949478,13654.51906304,58813.0,5.261966228485107,81939.0,0.0269584655761718,58391.0,5.360777139663696,58391.0,DBMEA_cost
random_50_8.tsp,50,1275,0.0392156862745098,25.5,1.0408163265306123,0.0,612.0,256.3072,125.43774243886884,15734.62722816,65769.0,3.986534357070923,78182.0,0.0275330543518066,62079.0,5.738337516784668,62079.0,DBMEA_cost
random_50_9.tsp,50,1275,0.0392156862745098,25.5,1.0408163265306123,0.0,623.0,258.6504,127.81999287998728,16337.95057984,68064.0,5.2194983959198,93133.0,0.0275356769561767,66787.0,5.368332624435425,66787.0,DBMEA_cost
random_60_0.tsp,60,1830,0.0327868852459016,30.5,1.0338983050847457,0.0,620.0,271.2994444444444,135.08557699030075,18248.11311080247,96803.0,8.783329963684082,123906.0,0.0482192039489746,91714.0,8.835944175720215,91714.0,DBMEA_cost
random_60_1.tsp,60,1830,0.0327868852459016,30.5,1.0338983050847457,0.0,656.0,264.1738888888889,130.26426680828004,16968.779207098767,97938.0,7.317185163497925,122575.0,0.0455601215362548,92566.0,9.042350053787231,92566.0,DBMEA_cost
random_60_2.tsp,60,1830,0.0327868852459016,30.5,1.0338983050847457,0.0,599.0,254.67666666666668,124.9506743123506,15612.671011111112,95758.0,7.489115715026855,132214.0,0.0464732646942138,91862.0,9.960541725158691,91862.0,DBMEA_cost
random_60_3.tsp,60,1830,0.0327868852459016,30.5,1.0338983050847457,0.0,631.0,263.99611111111113,131.54071396081514,17302.95942932099,86049.0,10.133267641067505,129336.0,0.0465469360351562,81094.0,8.38442063331604,81094.0,DBMEA_cost
random_60_4.tsp,60,1830,0.0327868852459016,30.5,1.0338983050847457,0.0,590.0,264.1505555555556,128.30559916647883,16462.326777469134,94169.0,7.459946870803833,128995.0,0.0492300987243652,90553.0,9.195902824401855,90553.0,DBMEA_cost
random_60_5.tsp,60,1830,0.0327868852459016,30.5,1.0338983050847457,0.0,600.0,258.8561111111111,126.44593867380148,15988.575407098766,92507.0,9.182018041610718,122182.0,0.0475456714630126,84558.0,8.604669332504272,84558.0,DBMEA_cost
random_60_6.tsp,60,1830,0.0327868852459016,30.5,1.0338983050847457,0.0,677.0,270.6838888888889,134.3170402294052,18041.067295987654,93972.0,8.38266921043396,125278.0,0.0465493202209472,94351.0,8.647951364517212,93972.0,GILS_cost
random_60_7.tsp,60,1830,0.0327868852459016,30.5,1.0338983050847457,0.0,609.0,240.01111111111112,120.27808006120598,14466.816543209878,88214.0,6.841705560684204,115850.0,0.0469844341278076,87910.0,8.675896883010864,87910.0,DBMEA_cost
random_60_8.tsp,60,1830,0.0327868852459016,30.5,1.0338983050847457,0.0,678.0,239.1761111111111,120.58562004921782,14540.891762654324,91249.0,8.336892366409302,118752.0,0.047548770904541,86803.0,10.507436990737917,86803.0,DBMEA_cost
random_60_9.tsp,60,1830,0.0327868852459016,30.5,1.0338983050847457,0.0,673.0,254.12833333333333,128.24189243379092,16445.982975,84643.0,7.421083211898804,125099.0,0.0465540885925293,85716.0,9.194000005722046,84643.0,GILS_cost
random_70_0.tsp,70,2485,0.028169014084507,35.5,1.0289855072463767,0.0,666.0,271.72,133.3862642011951,17791.89547755102,112918.0,14.133095264434814,160127.0,0.0735771656036377,108972.0,15.342331886291504,108972.0,DBMEA_cost
random_70_1.tsp,70,2485,0.028169014084507,35.5,1.0289855072463767,0.0,617.0,268.9371428571429,132.79863584251402,17635.47768163265,109843.0,13.501574754714966,174404.0,0.0720839500427246,109336.0,19.25619649887085,109336.0,DBMEA_cost
random_70_2.tsp,70,2485,0.028169014084507,35.5,1.0289855072463767,0.0,622.0,253.8930612244898,127.67297827036396,16300.389380424826,113262.0,11.605632066726685,171060.0,0.0736012458801269,109476.0,18.910083055496216,109476.0,DBMEA_cost
random_70_3.tsp,70,2485,0.028169014084507,35.5,1.0289855072463767,0.0,668.0,272.47591836734694,134.44953697020878,18076.67799150354,107722.0,15.408621311187744,189628.0,0.0720882415771484,104273.0,13.870874404907228,104273.0,DBMEA_cost
random_70_4.tsp,70,2485,0.028169014084507,35.5,1.0289855072463767,0.0,662.0,248.19755102040816,122.27626529800044,14951.485055226987,112054.0,14.04550552368164,158688.0,0.0735740661621093,110602.0,15.673139572143556,110602.0,DBMEA_cost
random_70_5.tsp,70,2485,0.028169014084507,35.5,1.0289855072463767,0.0,611.0,239.14163265306124,118.81381740141887,14116.723205497708,107544.0,12.18086862564087,158143.0,0.0725657939910888,106967.0,20.913184642791748,106967.0,DBMEA_cost
random_70_6.tsp,70,2485,0.028169014084507,35.5,1.0289855072463767,0.0,618.0,271.53877551020406,130.14241934429504,16937.049312786337,119947.0,12.111984968185425,194386.0,0.0730996131896972,119499.0,18.986730575561523,119499.0,DBMEA_cost
random_70_7.tsp,70,2485,0.028169014084507,35.5,1.0289855072463767,0.0,597.0,250.83591836734692,125.25197792920083,15688.057975177013,107003.0,14.599049091339111,150014.0,0.0741171836853027,107294.0,20.79347276687622,107003.0,GILS_cost
random_70_8.tsp,70,2485,0.028169014084507,35.5,1.0289855072463767,0.0,612.0,240.70244897959185,120.13810774595215,14433.164932778009,111275.0,16.279616355895996,169429.0,0.0740818977355957,105990.0,17.184031009674072,105990.0,DBMEA_cost
random_70_9.tsp,70,2485,0.028169014084507,35.5,1.0289855072463767,0.0,624.0,233.46367346938771,114.98667405832477,13221.935210995418,105662.0,13.918368339538574,164202.0,0.0726683139801025,104231.0,16.526702165603638,104231.0,DBMEA_cost
random_80_0.tsp,80,3240,0.0246913580246913,40.5,1.0253164556962024,0.0,645.0,273.436875,132.85303587135064,17649.929140234377,132738.0,18.775662660598755,211923.0,0.1091248989105224,130842.0,24.58960008621216,130842.0,DBMEA_cost
random_80_1.tsp,80,3240,0.0246913580246913,40.5,1.0253164556962024,0.0,625.0,252.1584375,123.61052831396924,15279.562710058592,131617.0,17.643983364105225,225275.0,0.1081132888793945,133278.0,20.651154279708862,131617.0,GILS_cost
random_80_2.tsp,80,3240,0.0246913580246913,40.5,1.0253164556962024,0.0,656.0,270.90875,132.36835129077306,17521.380423437502,153066.0,18.56432580947876,214745.0,0.110422134399414,141236.0,23.9418785572052,141236.0,DBMEA_cost
random_80_3.tsp,80,3240,0.0246913580246913,40.5,1.0253164556962024,0.0,608.0,256.82,125.1265937960432,15656.664475,134542.0,19.55303692817688,216097.0,0.1095645427703857,130245.0,23.72828507423401,130245.0,DBMEA_cost
random_80_4.tsp,80,3240,0.0246913580246913,40.5,1.0253164556962024,0.0,644.0,274.6971875,131.17342715691254,17206.46799208984,133386.0,16.983099222183228,217632.0,0.1091220378875732,133276.0,24.44328212738037,133276.0,DBMEA_cost
random_80_5.tsp,80,3240,0.0246913580246913,40.5,1.0253164556962024,0.0,589.0,241.48375,117.31461060301696,13762.7178609375,143936.0,18.008957147598267,216703.0,0.1091518402099609,136088.0,26.900006532669067,136088.0,DBMEA_cost
random_80_6.tsp,80,3240,0.0246913580246913,40.5,1.0253164556962024,0.0,621.0,250.40875,120.98682954535796,14637.8129234375,132907.0,19.55220103263855,223414.0,0.109349250793457,141671.0,25.123029232025143,132907.0,GILS_cost
random_80_7.tsp,80,3240,0.0246913580246913,40.5,1.0253164556962024,0.0,645.0,267.1403125,129.95505953945136,16888.317499902347,146895.0,19.36063122749329,195469.0,0.110480785369873,136462.0,24.331931114196777,136462.0,DBMEA_cost
random_80_8.tsp,80,3240,0.0246913580246913,40.5,1.0253164556962024,0.0,622.0,261.2753125,127.74179823193089,16317.967015527342,142529.0,19.49606347084045,215167.0,0.10911226272583,139155.0,25.463200569152832,139155.0,DBMEA_cost
random_80_9.tsp,80,3240,0.0246913580246913,40.5,1.0253164556962024,0.0,631.0,259.5509375,124.32286055014616,15456.173655371093,140760.0,14.9140727519989,201152.0,0.1096127033233642,139368.0,26.53094744682312,139368.0,DBMEA_cost
random_90_0.tsp,90,4095,0.0219780219780219,45.5,1.0224719101123596,0.0,651.0,253.58987654320987,124.24606587401448,15437.084885169945,150414.0,27.78978157043457,241012.0,0.1590049266815185,150191.0,35.18444466590881,150191.0,DBMEA_cost
random_90_1.tsp,90,4095,0.0219780219780219,45.5,1.0224719101123596,0.0,653.0,251.8135802469136,124.27345222004578,15443.890926688004,160837.0,24.844539642333984,250490.0,0.1541838645935058,164440.0,35.40860652923584,160837.0,GILS_cost
random_90_2.tsp,90,4095,0.0219780219780219,45.5,1.0224719101123596,0.0,634.0,256.5130864197531,123.34780476302257,15214.680939856731,176426.0,33.26631045341492,265225.0,0.1543993949890136,164052.0,34.80820035934448,164052.0,DBMEA_cost
random_90_3.tsp,90,4095,0.0219780219780219,45.5,1.0224719101123596,0.0,603.0,247.32543209876545,120.99277101198636,14639.250637158968,152983.0,23.409604787826535,238631.0,0.1552011966705322,155122.0,37.37482714653015,152983.0,GILS_cost
random_90_4.tsp,90,4095,0.0219780219780219,45.5,1.0224719101123596,0.0,670.0,276.47234567901234,133.3729213476963,17788.33614881878,169955.0,29.261842489242557,275954.0,0.1565196514129638,169103.0,42.40257096290589,169103.0,DBMEA_cost
random_90_5.tsp,90,4095,0.0219780219780219,45.5,1.0224719101123596,0.0,603.0,254.52666666666667,122.13455403320098,14916.84928888889,175254.0,29.601629734039307,253114.0,0.1551446914672851,170920.0,52.710628032684326,170920.0,DBMEA_cost
random_90_6.tsp,90,4095,0.0219780219780219,45.5,1.0224719101123596,0.0,594.0,245.80098765432095,119.77128780196274,14345.161381740589,168414.0,23.5686149597168,252535.0,0.152646780014038,164184.0,44.21675658226013,164184.0,DBMEA_cost
random_90_7.tsp,90,4095,0.0219780219780219,45.5,1.0224719101123596,0.0,634.0,259.501975308642,127.40553943051157,16232.17147757964,168198.0,26.55540442466736,276743.0,0.1553587913513183,158205.0,48.150832176208496,158205.0,DBMEA_cost
random_90_8.tsp,90,4095,0.0219780219780219,45.5,1.0224719101123596,0.0,639.0,254.81802469135803,125.4067898256301,15726.86293436976,159933.0,30.62834334373474,255339.0,0.1556832790374755,158159.0,42.79420757293701,158159.0,DBMEA_cost
random_90_9.tsp,90,4095,0.0219780219780219,45.5,1.0224719101123596,0.0,657.0,258.35925925925926,126.44136715429158,15987.419327846366,163447.0,29.896087169647217,278738.0,0.1541581153869629,159439.0,38.80234789848328,159439.0,DBMEA_cost
rat99.tsp,99,4950,0.02,50.0,1.020408163265306,0.0,218.0,84.13733292521171,47.32618184471948,2239.767487999456,61268.0,26.90526247024536,93052.0,0.2022264003753662,61795.0,52.0507926940918,61268.0,GILS_cost
rd100.tsp,100,5050,0.0198019801980198,50.5,1.02020202020202,0.0,1334.0,550.105,267.2810774727609,71439.174375,390996.0,45.16526746749878,692453.0,0.2130768299102783,361711.0,61.916667222976685,361711.0,DBMEA_cost
st70.tsp,70,2485,0.028169014084507,35.5,1.0289855072463767,0.0,129.0,51.50816326530612,24.994320471060604,624.7160558100792,22743.0,16.897485733032227,34400.0,0.0755691528320312,21766.0,15.294191598892212,21766.0,DBMEA_cost
swiss42.tsp,42,1764,0.0238095238095238,42.0,1.024390243902439,0.0,323.0,112.37981859410432,60.44965447790173,3654.160726497704,22075.0,2.1896376609802246,25994.0,0.0165159702301025,22266.0,2.152332067489624,22075.0,GILS_cost
bip_100_0.tsp,100,5050,0.0198019801980198,50.5,1.02020202020202,0.0,678.0,310.5414,259.24016333515914,67205.46228604,84782.0,33.790327310562134,139145.0,0.2092916965484619,81252.0,47.24259567260742,81252.0,DBMEA_cost
bip_100_1.tsp,100,5050,0.0198019801980198,50.5,1.02020202020202,0.0,677.0,310.3694,264.9017194048389,70172.92094364,76886.0,36.84499192237854,122958.0,0.2078561782836914,76620.0,48.86987352371216,76620.0,DBMEA_cost
bip_100_2.tsp,100,5050,0.0198019801980198,50.5,1.02020202020202,0.0,690.0,309.2858,261.385699146606,68322.48371836,83850.0,36.50062012672424,133269.0,0.2066981792449951,79871.0,49.34645366668701,79871.0,DBMEA_cost
bip_100_3.tsp,100,5050,0.0198019801980198,50.5,1.02020202020202,0.0,673.0,309.598,261.2371229285761,68244.834396,82390.0,30.04105234146118,131957.0,0.2094812393188476,79459.0,50.39010214805603,79459.0,DBMEA_cost
bip_100_4.tsp,100,5050,0.0198019801980198,50.5,1.02020202020202,0.0,681.0,309.1558,260.64670327161247,67936.70392636,85220.0,32.437050104141235,130080.0,0.2062418460845947,83842.0,46.57354521751404,83842.0,DBMEA_cost
bip_100_5.tsp,100,5050,0.0198019801980198,50.5,1.02020202020202,0.0,687.0,310.215,261.59635007965994,68432.65037500001,80482.0,41.3752179145813,132891.0,0.2145063877105713,76320.0,47.48888087272644,76320.0,DBMEA_cost
bip_100_6.tsp,100,5050,0.0198019801980198,50.5,1.02020202020202,0.0,677.0,310.0654,260.8019032193592,68017.63272284,81084.0,31.449180603027344,128919.0,0.2123253345489502,81307.0,53.01859259605408,81084.0,GILS_cost
bip_100_7.tsp,100,5050,0.0198019801980198,50.5,1.02020202020202,0.0,682.0,308.8998,261.46541599217284,68364.16375995999,79186.0,32.34628391265869,128953.0,0.2136478424072265,82770.0,48.44652056694031,79186.0,GILS_cost
bip_100_8.tsp,100,5050,0.0198019801980198,50.5,1.02020202020202,0.0,675.0,309.3584,259.42135600108173,67299.43994943998,85183.0,32.39664053916931,132174.0,0.2134876251220703,85365.0,57.50349450111389,85183.0,GILS_cost
bip_100_9.tsp,100,5050,0.0198019801980198,50.5,1.02020202020202,0.0,695.0,310.4688,261.8594459372432,68570.36942655999,78988.0,33.04587483406067,132681.0,0.2061889171600341,81628.0,50.20931124687195,78988.0,GILS_cost
bip_10_0.tsp,10,55,0.1818181818181818,5.5,1.2222222222222223,0.0,651.0,301.98,260.8338543977756,68034.29960000001,4002.0,0.0857694149017334,4844.0,0.0010006427764892,4002.0,0.0430884361267089,4002.0,GILS_cost
bip_10_1.tsp,10,55,0.1818181818181818,5.5,1.2222222222222223,0.0,623.0,302.08,266.7458595742397,71153.3536,3790.0,0.1009078025817871,4535.0,0.0,3790.0,0.0405771732330322,3790.0,GILS_cost
bip_10_2.tsp,10,55,0.1818181818181818,5.5,1.2222222222222223,0.0,672.0,317.36,275.3941001546692,75841.9104,4453.0,0.0771491527557373,4486.0,0.001000165939331,4453.0,0.041396141052246,4453.0,GILS_cost
bip_10_3.tsp,10,55,0.1818181818181818,5.5,1.2222222222222223,0.0,639.0,314.62,281.937290190567,79488.6356,3732.0,0.0801057815551757,3907.0,0.0,3862.0,0.0491905212402343,3732.0,GILS_cost
bip_10_4.tsp,10,55,0.1818181818181818,5.5,1.2222222222222223,0.0,644.0,311.9,265.4068009678727,70440.76999999999,4557.0,0.0714082717895507,4650.0,0.0,4557.0,0.044339895248413,4557.0,GILS_cost
bip_10_5.tsp,10,55,0.1818181818181818,5.5,1.2222222222222223,0.0,596.0,303.34,259.4245639872986,67301.1044,4235.0,0.1082329750061035,4533.0,0.0,4235.0,0.046199083328247,4235.0,GILS_cost
bip_10_6.tsp,10,55,0.1818181818181818,5.5,1.2222222222222223,0.0,638.0,306.04,262.8662747482073,69098.67839999999,4099.0,0.0895473957061767,4402.0,0.0,4099.0,0.0431215763092041,4099.0,GILS_cost
bip_10_7.tsp,10,55,0.1818181818181818,5.5,1.2222222222222223,0.0,601.0,298.66,259.0284625287345,67095.74440000001,3875.0,0.0611796379089355,3875.0,0.0009999275207519,3875.0,0.0440781116485595,3875.0,GILS_cost
bip_10_8.tsp,10,55,0.1818181818181818,5.5,1.2222222222222223,0.0,624.0,302.66,262.04882064226126,68669.5844,4088.0,0.0626096725463867,4108.0,0.001000165939331,4088.0,0.0430438518524169,4088.0,GILS_cost
bip_10_9.tsp,10,55,0.1818181818181818,5.5,1.2222222222222223,0.0,630.0,309.28,280.9712469275103,78944.84159999999,4007.0,0.0711779594421386,4176.0,0.0,4007.0,0.0522663593292236,4007.0,GILS_cost
bip_20_0.tsp,20,210,0.0952380952380952,10.5,1.105263157894737,0.0,671.0,303.735,256.5382325794734,65811.864775,9695.0,0.4133939743041992,10645.0,0.0020003318786621,9905.0,0.2774751186370849,9695.0,GILS_cost
bip_20_1.tsp,20,210,0.0952380952380952,10.5,1.105263157894737,0.0,631.0,295.295,251.4585213807637,63231.38797499999,8500.0,0.4270334243774414,9860.0,0.0020010471343994,8889.0,0.284860610961914,8500.0,GILS_cost
bip_20_2.tsp,20,210,0.0952380952380952,10.5,1.105263157894737,0.0,686.0,318.865,274.2413112114949,75208.296775,10220.0,0.3460829257965088,10887.0,0.0020005702972412,10392.0,0.2639389038085937,10220.0,GILS_cost
bip_20_3.tsp,20,210,0.0952380952380952,10.5,1.105263157894737,0.0,644.0,307.275,262.10679002078524,68699.969375,8672.0,0.3459138870239258,9229.0,0.0020012855529785,8765.0,0.3160693645477295,8672.0,GILS_cost
bip_20_4.tsp,20,210,0.0952380952380952,10.5,1.105263157894737,0.0,665.0,321.295,267.3927410663947,71498.877975,9438.0,0.5051515102386475,12194.0,0.0020010471343994,9672.0,0.2316193580627441,9438.0,GILS_cost
bip_20_5.tsp,20,210,0.0952380952380952,10.5,1.105263157894737,0.0,656.0,301.97,256.24495916993175,65661.4791,9595.0,0.3568084239959717,10738.0,0.0020003318786621,9647.0,0.2443759441375732,9595.0,GILS_cost
bip_20_6.tsp,20,210,0.0952380952380952,10.5,1.105263157894737,0.0,634.0,296.48,253.15400372105515,64086.9496,8573.0,0.4002103805541992,9327.0,0.0019998550415039,8573.0,0.2388849258422851,8573.0,GILS_cost
bip_20_7.tsp,20,210,0.0952380952380952,10.5,1.105263157894737,0.0,636.0,301.835,260.6485330382659,67937.657775,8640.0,0.4908509254455566,9992.0,0.0020508766174316,8754.0,0.2340068817138672,8640.0,GILS_cost
bip_20_8.tsp,20,210,0.0952380952380952,10.5,1.105263157894737,0.0,676.0,314.085,270.8958984093336,73384.58777499999,10043.0,0.3955299854278564,11113.0,0.0025150775909423,10283.0,0.2710165977478027,10043.0,GILS_cost
bip_20_9.tsp,20,210,0.0952380952380952,10.5,1.105263157894737,0.0,637.0,303.35,260.4532731604654,67835.9075,9528.0,0.5110146999359131,10788.0,0.0015032291412353,9541.0,0.2611947059631347,9528.0,GILS_cost
bip_30_0.tsp,30,465,0.064516129032258,15.5,1.0689655172413792,0.0,666.0,297.88,251.614782819558,63309.99893333333,15896.0,0.8569202423095703,17836.0,0.0060009956359863,15931.0,0.958521842956543,15896.0,GILS_cost
bip_30_1.tsp,30,465,0.064516129032258,15.5,1.0689655172413792,0.0,664.0,303.34,256.95984545795824,66028.36217777777,16383.0,1.0556426048278809,17172.0,0.0055053234100341,16509.0,0.9343376159667968,16383.0,GILS_cost
bip_30_2.tsp,30,465,0.064516129032258,15.5,1.0689655172413792,0.0,660.0,305.74666666666667,256.65152821156806,65870.00693333332,17641.0,1.2519769668579102,19115.0,0.0070767402648925,17016.0,0.950944185256958,17016.0,DBMEA_cost
bip_30_3.tsp,30,465,0.064516129032258,15.5,1.0689655172413792,0.0,675.0,316.4222222222222,269.8152362791899,72800.26172839505,16555.0,1.134593486785889,17754.0,0.0058779716491699,17066.0,0.8368196487426758,16555.0,GILS_cost
bip_30_4.tsp,30,465,0.064516129032258,15.5,1.0689655172413792,0.0,667.0,306.0355555555556,256.15418720897645,65614.96762469136,16196.0,1.424870252609253,18447.0,0.0065155029296875,16048.0,0.9807074069976808,16048.0,DBMEA_cost
bip_30_5.tsp,30,465,0.064516129032258,15.5,1.0689655172413792,0.0,643.0,296.61555555555555,252.66018677315768,63837.16998024692,15686.0,1.0554122924804688,17130.0,0.0065047740936279,16334.0,0.7729558944702148,15686.0,GILS_cost
bip_30_6.tsp,30,465,0.064516129032258,15.5,1.0689655172413792,0.0,647.0,309.04,265.614671950846,70551.15395555555,16437.0,1.1934928894042969,17382.0,0.0060012340545654,16458.0,0.9200921058654784,16437.0,GILS_cost
bip_30_7.tsp,30,465,0.064516129032258,15.5,1.0689655172413792,0.0,664.0,310.8288888888889,261.7364060969418,68505.94627654321,16467.0,1.3740131855010986,19521.0,0.005505084991455,16342.0,0.98012375831604,16342.0,DBMEA_cost
bip_30_8.tsp,30,465,0.064516129032258,15.5,1.0689655172413792,0.0,672.0,303.5422222222222,256.3829241054082,65732.20377283951,16980.0,0.9919705390930176,17897.0,0.0065047740936279,17472.0,0.8570442199707031,16980.0,GILS_cost
bip_30_9.tsp,30,465,0.064516129032258,15.5,1.0689655172413792,0.0,646.0,299.96,256.21654591380315,65646.91840000001,15573.0,1.3573987483978271,16723.0,0.0065040588378906,16026.0,0.913820505142212,15573.0,GILS_cost
bip_40_0.tsp,40,820,0.048780487804878,20.5,1.051282051282051,0.0,689.0,304.85625,257.0241099312232,66061.3930859375,24346.0,2.655803680419922,29765.0,0.0137548446655273,24514.0,2.4690237045288086,24346.0,GILS_cost
bip_40_1.tsp,40,820,0.048780487804878,20.5,1.051282051282051,0.0,645.0,304.37125,261.1290407508087,68188.3759234375,23815.0,2.53975510597229,27258.0,0.0150184631347656,23397.0,2.2965667247772217,23397.0,DBMEA_cost
bip_40_2.tsp,40,820,0.048780487804878,20.5,1.051282051282051,0.0,643.0,300.74,256.20007298984126,65638.4774,23228.0,2.28218150138855,27456.0,0.0142650604248046,22765.0,2.617375135421753,22765.0,DBMEA_cost
bip_40_3.tsp,40,820,0.048780487804878,20.5,1.051282051282051,0.0,670.0,312.96875,263.3455814579723,69350.8952734375,23518.0,2.140129804611206,27507.0,0.0141816139221191,23955.0,2.569852352142334,23518.0,GILS_cost
bip_40_4.tsp,40,820,0.048780487804878,20.5,1.051282051282051,0.0,686.0,312.40125,259.6430727911636,67414.5252484375,25499.0,1.946805715560913,29193.0,0.0136899948120117,24735.0,2.6160030364990234,24735.0,DBMEA_cost
bip_40_5.tsp,40,820,0.048780487804878,20.5,1.051282051282051,0.0,667.0,312.145,265.37400772306245,70423.36397500001,24537.0,2.423812866210937,28820.0,0.0149662494659423,24217.0,2.257974147796631,24217.0,DBMEA_cost
bip_40_6.tsp,40,820,0.048780487804878,20.5,1.051282051282051,0.0,670.0,309.06,261.7237310600626,68499.31139999999,23949.0,2.473891258239746,29077.0,0.0140202045440673,23806.0,2.627938032150269,23806.0,DBMEA_cost
bip_40_7.tsp,40,820,0.048780487804878,20.5,1.051282051282051,0.0,697.0,311.04375,265.7380558669336,70616.7143359375,25161.0,1.9238181114196775,27829.0,0.0145120620727539,24686.0,2.7873127460479736,24686.0,DBMEA_cost
bip_40_8.tsp,40,820,0.048780487804878,20.5,1.051282051282051,0.0,662.0,315.8925,267.63217004640904,71626.97844374999,24202.0,2.6507139205932617,28459.0,0.0145092010498046,24131.0,2.5239663124084477,24131.0,DBMEA_cost
bip_40_9.tsp,40,820,0.048780487804878,20.5,1.051282051282051,0.0,679.0,307.9125,262.52957898825423,68921.77984375,22146.0,3.066056966781616,26201.0,0.01401948928833,21998.0,2.471817970275879,21998.0,DBMEA_cost
bip_50_0.tsp,50,1275,0.0392156862745098,25.5,1.0408163265306123,0.0,664.0,306.6,259.89954059212954,67547.7712,31841.0,4.626479387283325,38260.0,0.0265452861785888,31403.0,5.834863185882568,31403.0,DBMEA_cost
bip_50_1.tsp,50,1275,0.0392156862745098,25.5,1.0408163265306123,0.0,687.0,311.5176,261.7485909995315,68512.32489024001,30909.0,4.769219398498535,37246.0,0.0267956256866455,31248.0,5.315812349319458,30909.0,GILS_cost
bip_50_2.tsp,50,1275,0.0392156862745098,25.5,1.0408163265306123,0.0,653.0,305.0608,258.836450878465,66996.30830336001,30917.0,4.207446098327637,39387.0,0.02593994140625,31728.0,5.921715021133423,30917.0,GILS_cost
bip_50_3.tsp,50,1275,0.0392156862745098,25.5,1.0408163265306123,0.0,667.0,308.368,257.3489781910937,66228.496576,32312.0,3.5688610076904297,37634.0,0.0267817974090576,31627.0,4.925985097885132,31627.0,DBMEA_cost
bip_50_4.tsp,50,1275,0.0392156862745098,25.5,1.0408163265306123,0.0,684.0,308.9576,260.6229134252014,67924.30300224,33454.0,4.660866737365723,39110.0,0.0265886783599853,31736.0,5.079947233200073,31736.0,DBMEA_cost
bip_50_5.tsp,50,1275,0.0392156862745098,25.5,1.0408163265306123,0.0,680.0,315.2544,267.22341678947225,71408.35448064,31120.0,4.507323265075684,38779.0,0.0275385379791259,30339.0,4.744922876358032,30339.0,DBMEA_cost
bip_50_6.tsp,50,1275,0.0392156862745098,25.5,1.0408163265306123,0.0,685.0,311.488,265.088305769983,70271.80985599999,32359.0,4.372497797012329,40314.0,0.0280406475067138,32110.0,5.420038223266602,32110.0,DBMEA_cost
bip_50_7.tsp,50,1275,0.0392156862745098,25.5,1.0408163265306123,0.0,643.0,312.2056,263.27567933373564,69314.08332864,31366.0,3.722079515457153,36744.0,0.0294077396392822,31234.0,5.718053579330444,31234.0,DBMEA_cost
bip_50_8.tsp,50,1275,0.0392156862745098,25.5,1.0408163265306123,0.0,675.0,317.0784,265.6020968543735,70544.47385344,33781.0,5.43571400642395,40190.0,0.0275304317474365,32660.0,5.124946355819702,32660.0,DBMEA_cost
bip_50_9.tsp,50,1275,0.0392156862745098,25.5,1.0408163265306123,0.0,678.0,311.5008,261.1189345860617,68183.09799936,33127.0,4.170600652694702,40121.0,0.0265324115753173,33386.0,5.329155206680298,33127.0,GILS_cost
bip_60_0.tsp,60,1830,0.0327868852459016,30.5,1.0338983050847457,0.0,656.0,307.01722222222224,257.9243046430818,66524.94692561729,39414.0,7.25743818283081,53206.0,0.0487022399902343,39224.0,6.886047840118408,39224.0,DBMEA_cost
bip_60_1.tsp,60,1830,0.0327868852459016,30.5,1.0338983050847457,0.0,675.0,308.5516666666667,260.67047652266945,67949.09733055555,39951.0,6.444403171539307,53463.0,0.0450520515441894,39748.0,7.51221227645874,39748.0,DBMEA_cost
bip_60_2.tsp,60,1830,0.0327868852459016,30.5,1.0338983050847457,0.0,697.0,310.365,263.8042784538483,69592.69733055556,41574.0,6.915935754776001,53439.0,0.0468060970306396,41847.0,7.431173086166382,41574.0,GILS_cost
bip_60_3.tsp,60,1830,0.0327868852459016,30.5,1.0338983050847457,0.0,678.0,309.25055555555554,260.3525729120294,67783.46222191359,41406.0,7.318868398666382,54950.0,0.0459568500518798,40944.0,7.908539056777954,40944.0,DBMEA_cost
bip_60_4.tsp,60,1830,0.0327868852459016,30.5,1.0338983050847457,0.0,688.0,312.5761111111111,265.1179837698866,70287.54531820987,40826.0,8.37980341911316,51572.0,0.0461277961730957,41632.0,8.051164627075195,40826.0,GILS_cost
bip_60_5.tsp,60,1830,0.0327868852459016,30.5,1.0338983050847457,0.0,697.0,314.35,264.2135704942752,69808.81083333334,39539.0,6.737362146377564,53386.0,0.0462892055511474,37321.0,7.799190521240234,37321.0,DBMEA_cost
bip_60_6.tsp,60,1830,0.0327868852459016,30.5,1.0338983050847457,0.0,680.0,307.2888888888889,260.3454924366826,67779.77543209876,39726.0,7.388815879821777,51874.0,0.0470764636993408,39527.0,7.783554077148437,39527.0,DBMEA_cost
bip_60_7.tsp,60,1830,0.0327868852459016,30.5,1.0338983050847457,0.0,684.0,307.39166666666665,259.38812496912806,67282.199375,41730.0,7.186307907104492,54085.0,0.0469040870666503,42111.0,8.072463989257812,41730.0,GILS_cost
bip_60_8.tsp,60,1830,0.0327868852459016,30.5,1.0338983050847457,0.0,654.0,304.4922222222222,257.18420969663737,66143.71771728394,41987.0,6.709128856658936,51461.0,0.046562910079956,39319.0,8.323187589645386,39319.0,DBMEA_cost
bip_60_9.tsp,60,1830,0.0327868852459016,30.5,1.0338983050847457,0.0,691.0,311.14722222222224,256.8948855359058,65994.98221450616,43341.0,8.910239934921265,57278.0,0.0461061000823974,41814.0,7.293873310089111,41814.0,DBMEA_cost
bip_70_0.tsp,70,2485,0.028169014084507,35.5,1.0289855072463767,0.0,651.0,305.92571428571426,260.59985628138315,67912.28509387755,50102.0,12.537621021270752,68988.0,0.0720002651214599,49784.0,14.32103943824768,49784.0,DBMEA_cost
bip_70_1.tsp,70,2485,0.028169014084507,35.5,1.0289855072463767,0.0,663.0,308.6061224489796,261.1915169639784,68221.00853394419,50992.0,10.312960386276243,71593.0,0.0729258060455322,51344.0,13.817934274673462,50992.0,GILS_cost
bip_70_2.tsp,70,2485,0.028169014084507,35.5,1.0289855072463767,0.0,664.0,303.56204081632654,254.10913376976995,64571.45186522282,53085.0,10.744010210037231,70195.0,0.0715939998626709,51698.0,14.347026824951172,51698.0,DBMEA_cost
bip_70_3.tsp,70,2485,0.028169014084507,35.5,1.0289855072463767,0.0,666.0,308.1171428571429,259.9643754086945,67581.47648163265,55044.0,13.12480401992798,75881.0,0.0732145309448242,51274.0,16.658445119857788,51274.0,DBMEA_cost
bip_70_4.tsp,70,2485,0.028169014084507,35.5,1.0289855072463767,0.0,672.0,303.8530612244898,258.6921968183628,66921.65269471054,47785.0,10.206384181976318,64422.0,0.0737807750701904,48307.0,13.333502054214478,47785.0,GILS_cost
bip_70_5.tsp,70,2485,0.028169014084507,35.5,1.0289855072463767,0.0,684.0,308.6363265306122,261.22011749178887,68235.94978242398,53159.0,10.505479335784912,71851.0,0.0725817680358886,49892.0,15.034013986587524,49892.0,DBMEA_cost
bip_70_6.tsp,70,2485,0.028169014084507,35.5,1.0289855072463767,0.0,680.0,313.2575510204082,264.78240622644046,70109.72264706373,49193.0,12.320878267288208,71972.0,0.0725646018981933,48192.0,17.376763343811035,48192.0,DBMEA_cost
bip_70_7.tsp,70,2485,0.028169014084507,35.5,1.0289855072463767,0.0,663.0,312.3420408163265,262.6960386499303,69009.20872236569,52529.0,13.498391389846802,74984.0,0.0714051723480224,48784.0,15.32220697402954,48784.0,DBMEA_cost
bip_70_8.tsp,70,2485,0.028169014084507,35.5,1.0289855072463767,0.0,687.0,310.69673469387754,261.6582735397197,68465.05211178676,50432.0,12.948276996612549,73166.0,0.073214054107666,50021.0,14.57543396949768,50021.0,DBMEA_cost
bip_70_9.tsp,70,2485,0.028169014084507,35.5,1.0289855072463767,0.0,674.0,310.50857142857143,260.90426449687067,68071.03523265306,50725.0,13.447155237197876,69693.0,0.0730886459350586,48716.0,14.502158164978027,48716.0,DBMEA_cost
bip_80_0.tsp,80,3240,0.0246913580246913,40.5,1.0253164556962024,0.0,689.0,309.604375,262.62844663299404,68973.70098085939,59380.0,18.929011821746823,88206.0,0.1083784103393554,57436.0,19.91434407234192,57436.0,DBMEA_cost
bip_80_1.tsp,80,3240,0.0246913580246913,40.5,1.0253164556962024,0.0,674.0,311.8003125,262.96267998026326,69149.37106240234,62192.0,15.343027591705322,88256.0,0.1065750122070312,62583.0,21.046855688095093,62192.0,GILS_cost
bip_80_2.tsp,80,3240,0.0246913580246913,40.5,1.0253164556962024,0.0,672.0,306.9015625,258.6586916141783,66904.31874755859,56929.0,19.266876697540283,84823.0,0.1071913242340087,56605.0,20.92752766609192,56605.0,DBMEA_cost
bip_80_3.tsp,80,3240,0.0246913580246913,40.5,1.0253164556962024,0.0,681.0,312.8003125,263.70717152250967,69541.47231240233,59339.0,20.90804600715637,89240.0,0.1062812805175781,59478.0,19.392325162887573,59339.0,GILS_cost
bip_80_4.tsp,80,3240,0.0246913580246913,40.5,1.0253164556962024,0.0,680.0,310.91625,262.59381868379444,68955.5136109375,59882.0,19.94731473922729,87516.0,0.1088373661041259,57147.0,15.88408589363098,57147.0,DBMEA_cost
bip_80_5.tsp,80,3240,0.0246913580246913,40.5,1.0253164556962024,0.0,686.0,309.9196875,258.9264859229398,67042.92511240234,63717.0,21.671342849731445,96684.0,0.1088504791259765,63904.0,22.148194551467896,63717.0,GILS_cost
bip_80_6.tsp,80,3240,0.0246913580246913,40.5,1.0253164556962024,0.0,673.0,307.6240625,259.6403153566412,67413.09335849609,60446.0,18.199727296829224,87841.0,0.1096916198730468,60269.0,19.860578060150143,60269.0,DBMEA_cost
bip_80_7.tsp,80,3240,0.0246913580246913,40.5,1.0253164556962024,0.0,677.0,312.12,263.0450709479271,69192.70935,56128.0,16.347435235977173,88077.0,0.1100149154663086,55321.0,24.121140003204346,55321.0,DBMEA_cost
bip_80_8.tsp,80,3240,0.0246913580246913,40.5,1.0253164556962024,0.0,675.0,305.159375,256.5168090975899,65800.87334960938,61001.0,18.92243814468384,87664.0,0.1061079502105712,62107.0,19.927361965179443,61001.0,GILS_cost
bip_80_9.tsp,80,3240,0.0246913580246913,40.5,1.0253164556962024,0.0,681.0,309.38625,261.5376446344532,68401.9395609375,60745.0,15.946503400802612,85760.0,0.1121532917022705,60253.0,21.059606790542603,60253.0,DBMEA_cost
bip_90_0.tsp,90,4095,0.0219780219780219,45.5,1.0224719101123596,0.0,682.0,305.7543209876543,258.5734924539783,66860.25099984759,64001.0,21.908686637878414,103759.0,0.1547667980194091,63893.0,27.293618202209476,63893.0,DBMEA_cost
bip_90_1.tsp,90,4095,0.0219780219780219,45.5,1.0224719101123596,0.0,685.0,310.35925925925926,259.57669067193234,67380.05834019204,73552.0,24.3185555934906,115023.0,0.1520087718963623,68291.0,34.222315073013306,68291.0,DBMEA_cost
bip_90_2.tsp,90,4095,0.0219780219780219,45.5,1.0224719101123596,0.0,669.0,307.94493827160494,258.22838045880803,66681.8964743789,69708.0,28.42285823822021,102709.0,0.1489884853363037,69053.0,28.15697431564331,69053.0,DBMEA_cost
bip_90_3.tsp,90,4095,0.0219780219780219,45.5,1.0224719101123596,0.0,684.0,314.6664197530864,268.21158145748024,71937.45242792256,69195.0,24.893150091171265,104935.0,0.1522538661956787,68152.0,29.875141620635983,68152.0,DBMEA_cost
bip_90_4.tsp,90,4095,0.0219780219780219,45.5,1.0224719101123596,0.0,684.0,310.91407407407405,260.2369035130656,67723.24595006858,71833.0,29.98422884941101,109945.0,0.1517324447631836,72160.0,29.81880760192871,71833.0,GILS_cost
bip_90_5.tsp,90,4095,0.0219780219780219,45.5,1.0224719101123596,0.0,695.0,308.70716049382713,259.4099890003694,67293.54239317178,77968.0,28.094806432724,117890.0,0.1507291793823242,75154.0,32.575499534606934,75154.0,DBMEA_cost
bip_90_6.tsp,90,4095,0.0219780219780219,45.5,1.0224719101123596,0.0,694.0,307.900987654321,259.7754031333579,67483.2600730986,75074.0,27.98926782608032,110798.0,0.1515066623687744,69990.0,28.05802035331726,69990.0,DBMEA_cost
bip_90_7.tsp,90,4095,0.0219780219780219,45.5,1.0224719101123596,0.0,684.0,306.89432098765434,258.0837498146021,66607.2219183661,71876.0,25.897069931030277,112158.0,0.1536738872528076,67970.0,38.10286140441895,67970.0,DBMEA_cost
bip_90_8.tsp,90,4095,0.0219780219780219,45.5,1.0224719101123596,0.0,682.0,307.1585185185185,258.82248467933186,66989.07857558299,67313.0,26.436357498168945,107017.0,0.1522579193115234,68754.0,29.475499153137207,67313.0,GILS_cost
bip_90_9.tsp,90,4095,0.0219780219780219,45.5,1.0224719101123596,0.0,688.0,313.09234567901234,261.73550755814546,68505.47591672001,73484.0,25.00705885887146,114936.0,0.1549961566925048,70412.0,32.34793162345886,70412.0,DBMEA_cost
