file,n,m,ratio1,ratio2,density,min,max,mean,std,var,GILS_cost,GILS_time,GRASP_cost,GRASP_time,DBMEA_cost,DBMEA_time,Min_val,Min_col,min_method
att48.tsp,48,1176,0.0408163265306122,24.5,1.0425531914893618,0.0,2662.0,1017.5598958333334,627.5984137822,393879.7689819336,226229.0,6.474685430526733,301702.0,0.0260190963745117,207771.0,5.288543462753296,0,,DBMEA_cost
berlin52.tsp,52,1378,0.0377358490566037,26.5,1.03921568627451,0.0,1716.0,564.1886094674556,345.72205216830304,119523.73735546286,145419.0,6.054586887359619,191072.0,0.0315332412719726,143278.0,5.374160051345825,0,,DBMEA_cost
brazil58.tsp,58,1711,0.0338983050847457,29.5,1.0350877192982455,0.0,8700.0,2094.9143876337694,1426.139588485403,2033874.1258453147,532454.0,8.013889074325562,709540.0,0.0434129238128662,535150.0,9.045839548110962,0,,GILS_cost
burma14.tsp,14,105,0.1333333333333333,7.5,1.1538461538461535,1.0,1261.0,442.6122448979592,272.51147261575125,74262.50270720533,16457.0,0.1562180519104004,18393.0,0.0010004043579101,16457.0,0.0820722579956054,0,,GRASP_time
dantzig42.tsp,42,903,0.0465116279069767,21.5,1.048780487804878,0.0,192.0,72.29591836734694,43.48158529750573,1890.6482599842657,12392.0,2.579336166381836,14523.0,0.0160441398620605,12256.0,3.3250982761383057,0,,DBMEA_cost
eil101.tsp,101,5151,0.0196078431372549,51.0,1.02,0.0,92.0,33.58023723164396,16.613750975647413,276.01672148082537,30309.0,33.69247031211853,44847.0,0.224252700805664,30402.0,77.14104986190796,0,,GILS_cost
eil51.tsp,51,1326,0.0384615384615384,26.0,1.04,0.0,86.0,31.76086120722799,15.586857204726323,242.9501175205289,10538.0,4.445834636688232,12622.0,0.0305237770080566,10122.0,6.820752143859863,0,,DBMEA_cost
eil76.tsp,76,2926,0.0259740259740259,38.5,1.0266666666666666,0.0,85.0,32.759349030470915,16.107539265290864,259.4528211828869,19220.0,15.806304931640623,26419.0,0.0976178646087646,19134.0,24.625105381011963,0,,DBMEA_cost
gr48.tsp,48,1176,0.0408163265306122,24.5,1.0425531914893618,0.0,1083.0,428.76649305555554,219.69222905972143,48264.67550922912,103651.0,3.9509339332580566,141005.0,0.0240821838378906,106126.0,3.431821823120117,0,,GILS_cost
gr96.tsp,96,4656,0.0206185567010309,48.5,1.0210526315789474,1.0,9850.0,3821.365234375,1984.4914186273488,3938206.1906055873,2211194.0,31.375903606414795,3652290.0,0.1980652809143066,2315493.0,40.68095803260803,0,,GILS_cost
hk48.tsp,48,1176,0.0408163265306122,24.5,1.0425531914893618,0.0,2734.0,1001.5486111111112,592.2699017558201,350783.6365258488,234801.0,4.496325969696045,285599.0,0.0255353450775146,245749.0,5.451887607574463,0,,GILS_cost
kroA100.tsp,100,5050,0.0198019801980198,50.5,1.02020202020202,0.0,4150.0,1693.5934,927.2014221712776,859702.47727644,1070206.0,44.28989577293396,1903677.0,0.2182133197784423,1054304.0,76.48229765892029,0,,DBMEA_cost
kroB100.tsp,100,5050,0.0198019801980198,50.5,1.02020202020202,0.0,4167.0,1670.6668,923.7124928124337,853244.76937776,1118817.0,46.88641977310181,2029719.0,0.211301565170288,1032121.0,58.52865815162659,0,,DBMEA_cost
kroC100.tsp,100,5050,0.0198019801980198,50.5,1.02020202020202,0.0,4187.0,1683.5478,921.8353994695364,849780.50371516,1092884.0,43.61227202415466,1928694.0,0.2107279300689697,1010140.0,66.87041068077087,0,,DBMEA_cost
kroD100.tsp,100,5050,0.0198019801980198,50.5,1.02020202020202,0.0,4028.0,1614.793,877.9926378683366,770871.072151,1100068.0,43.36691927909851,2019253.0,0.2172334194183349,1031287.0,66.87906384468079,0,,DBMEA_cost
kroE100.tsp,100,5050,0.0198019801980198,50.5,1.02020202020202,0.0,4138.0,1714.8328,944.728761097152,892512.4320441599,1067892.0,50.3630895614624,2037197.0,0.2097222805023193,1062846.0,62.90598011016846,0,,DBMEA_cost
lin105.tsp,105,5565,0.0188679245283018,53.0,1.0192307692307692,0.0,3189.0,1166.136961451247,677.3723188461915,458833.2583390665,675995.0,34.05562734603882,1194536.0,0.2420289516448974,705856.0,71.41003775596619,0,,GILS_cost
mod_att48.tsp,49,1225,0.04,25.0,1.0416666666666667,0.0,44444.0,2695.0903790087464,8246.357104804112,68002405.49995326,275906.0,6.635325908660889,372743.0,0.0255322456359863,265796.0,7.369806528091431,0,,DBMEA_cost
mod_berlin52.tsp,53,1431,0.037037037037037,27.0,1.0384615384615383,0.0,141271.0,5744.385190459238,26422.116693610024,698128250.5707455,297560.0,5.956643104553223,349353.0,0.0316548347473144,292671.0,5.542080879211426,0,,DBMEA_cost
mod_burma14.tsp,15,120,0.125,8.0,1.1428571428571428,1.0,14029.0,2047.64,4272.532063121353,18254530.2304,32810.0,0.1924519538879394,35393.0,0.0010004043579101,33071.0,0.0965476036071777,0,,GILS_cost
mod_eil101.tsp,102,5253,0.0194174757281553,51.5,1.0198019801980198,0.0,1406.0,59.401191849288736,184.2805485955028,33959.32059065946,33322.0,35.09529232978821,47644.0,0.2232391834259033,32520.0,75.962229013443,0,,DBMEA_cost
mod_eil51.tsp,52,1378,0.0377358490566037,26.5,1.03921568627451,0.0,1405.0,81.87352071005917,253.65531487887813,64341.01876630281,12577.0,4.31977105140686,14380.0,0.0305244922637939,12306.0,7.149182081222534,0,,DBMEA_cost
mod_eil76.tsp,77,3003,0.0256410256410256,39.0,1.0263157894736843,0.0,1399.0,66.7589812784618,210.26218787801,44210.18765124759,21067.0,15.847935199737549,27892.0,0.1006219387054443,20560.0,23.675825119018555,0,,DBMEA_cost
mod_gr96.tsp,97,4753,0.0204081632653061,49.0,1.0208333333333333,1.0,14025.0,3957.8653416941215,2201.669974889056,4847350.678327976,2303370.0,33.55856776237488,3962806.0,0.1927237510681152,2367461.0,38.13759350776672,0,,GILS_cost
mod_kroA100.tsp,101,5151,0.0196078431372549,51.0,1.02,0.0,141277.0,4390.3462405646505,19093.64469947324,364567267.9097224,1225730.0,46.038737773895264,2152375.0,0.2168233394622802,1224693.0,77.14578604698181,0,,DBMEA_cost
mod_kroB100.tsp,101,5151,0.0196078431372549,51.0,1.02,0.0,141320.0,4366.089991177336,19084.078980223752,364202070.52341807,1261618.0,49.00820469856262,2226265.0,0.2180593013763427,1310492.0,61.264394998550415,0,,GILS_cost
mod_kroC100.tsp,101,5151,0.0196078431372549,51.0,1.02,0.0,141395.0,4382.6850308793255,19110.256263455907,365201894.45495576,1262474.0,34.45268368721008,2088618.0,0.2222208976745605,1258274.0,76.32413244247437,0,,DBMEA_cost
mod_kroD100.tsp,101,5151,0.0196078431372549,51.0,1.02,0.0,141208.0,4316.144691696893,19123.7448207936,365717615.9708298,1256498.0,38.85083961486816,2175523.0,0.2159709930419922,1271251.0,69.12156581878662,0,,GILS_cost
mod_kroE100.tsp,101,5151,0.0196078431372549,51.0,1.02,0.0,141277.0,4410.90951867464,19089.76125175749,364418984.6491017,1260413.0,49.1514790058136,2309998.0,0.461771011352539,1299854.0,65.90412926673889,0,,GILS_cost
mod_lin105.tsp,106,5671,0.0186915887850467,53.5,1.019047619047619,0.0,141325.0,3760.1495194019226,18809.230309617364,353787144.8402285,828646.0,36.85026240348816,1368192.0,0.2542247772216797,891887.0,69.89092063903809,0,,GILS_cost
mod_pr107.tsp,108,5886,0.018348623853211,54.5,1.0186915887850467,0.0,132200.0,7587.617283950617,16641.118402988843,276926821.7022939,2298171.0,49.94424915313721,4356131.0,0.2644596099853515,2333166.0,64.51802110671997,0,,GILS_cost
mod_pr76.tsp,77,3003,0.0256410256410256,39.0,1.0263157894736843,0.0,140715.0,10578.913476134256,19650.864305106235,386156467.9376983,3738172.0,14.904951095581056,5687786.0,0.0976319313049316,4267254.0,25.80138349533081,0,,GILS_cost
mod_rat99.tsp,100,5050,0.0198019801980198,50.5,1.02020202020202,0.0,1406.0,108.2848,176.42795041874743,31126.821688960004,63993.0,31.700262308120728,99191.0,0.2127726078033447,64328.0,72.22724914550781,0,,GILS_cost
mod_st70.tsp,71,2556,0.0277777777777777,36.0,1.0285714285714285,0.0,1403.0,87.27117635389804,213.14910374868603,45432.54042886813,25201.0,16.0758216381073,35934.0,0.075700044631958,24686.0,15.771074056625366,0,,DBMEA_cost
pr107.tsp,107,5778,0.0185185185185185,54.0,1.018867924528302,0.0,10691.0,5353.732203685911,3134.1516036546373,9822906.274690934,2113117.0,46.112234115600586,4091497.0,0.2660596370697021,2188050.0,60.45160079002381,0,,GILS_cost
pr76.tsp,76,2926,0.0259740259740259,38.5,1.0266666666666666,0.0,22674.0,7459.237534626039,3982.505723662762,15860351.839006666,3466012.0,12.177507638931274,5131147.0,0.0950965881347656,3715885.0,22.70819664001465,0,,GILS_cost
random_100_0.tsp,100,5050,0.0198019801980198,50.5,1.02020202020202,0.0,645.0,251.964,121.29356250024156,14712.128304000002,199443.0,38.02773690223694,343833.0,0.2137091159820556,193832.0,67.89569044113159,0,,DBMEA_cost
random_100_1.tsp,100,5050,0.0198019801980198,50.5,1.02020202020202,0.0,653.0,261.6642,125.9465896257616,15862.54343836,191675.0,47.25315523147583,338273.0,0.2122659683227539,179287.0,70.39653182029724,0,,DBMEA_cost
random_100_2.tsp,100,5050,0.0198019801980198,50.5,1.02020202020202,0.0,610.0,253.213,122.41019904811854,14984.256831,191650.0,37.48313283920288,319186.0,0.2124323844909668,187390.0,73.69952845573425,0,,DBMEA_cost
random_100_3.tsp,100,5050,0.0198019801980198,50.5,1.02020202020202,0.0,676.0,265.8194,130.13763169675406,16935.803183640004,197804.0,31.77650046348572,318863.0,0.2117538452148437,190321.0,71.80225682258606,0,,DBMEA_cost
random_100_4.tsp,100,5050,0.0198019801980198,50.5,1.02020202020202,0.0,623.0,258.5526,124.01530886644602,15379.796833240003,186810.0,37.75858783721924,340719.0,0.2117507457733154,189495.0,69.92271280288696,0,,GILS_cost
random_100_5.tsp,100,5050,0.0198019801980198,50.5,1.02020202020202,0.0,635.0,248.6112,121.85830802436082,14849.44723456,197788.0,34.089958906173706,325912.0,0.2130312919616699,189798.0,63.9948468208313,0,,DBMEA_cost
random_100_6.tsp,100,5050,0.0198019801980198,50.5,1.02020202020202,0.0,649.0,283.3196,135.7672473604735,18432.74545584,203193.0,33.0801465511322,319264.0,0.2097065448760986,200232.0,52.40556645393372,0,,DBMEA_cost
random_100_7.tsp,100,5050,0.0198019801980198,50.5,1.02020202020202,0.0,655.0,266.254,128.9432289187765,16626.356284,194358.0,37.59553003311157,291695.0,0.2162482738494873,187703.0,62.71569561958313,0,,DBMEA_cost
random_100_8.tsp,100,5050,0.0198019801980198,50.5,1.02020202020202,0.0,677.0,267.9704,131.69014057187425,17342.293123839998,198252.0,39.41764283180237,326676.0,0.2117364406585693,196737.0,60.39082169532776,0,,DBMEA_cost
random_100_9.tsp,100,5050,0.0198019801980198,50.5,1.02020202020202,0.0,618.0,256.4242,123.96363924296512,15366.98385436,195801.0,44.00591206550598,331554.0,0.2135164737701416,183864.0,68.16908621788025,0,,DBMEA_cost
random_10_0.tsp,10,55,0.1818181818181818,5.5,1.2222222222222223,0.0,481.0,220.3,131.50091254436222,17292.49,5118.0,0.0897662639617919,6067.0,0.0,5118.0,0.0373623371124267,0,,GRASP_time
random_10_1.tsp,10,55,0.1818181818181818,5.5,1.2222222222222223,0.0,541.0,262.42,157.31320224316838,24747.4436,5093.0,0.0610702037811279,5093.0,0.0,5093.0,0.0460224151611328,0,,GRASP_time
random_10_2.tsp,10,55,0.1818181818181818,5.5,1.2222222222222223,0.0,455.0,240.04,138.01868858962544,19049.1584,5313.0,0.084111213684082,7487.0,0.0,5313.0,0.0455436706542968,0,,GRASP_time
random_10_3.tsp,10,55,0.1818181818181818,5.5,1.2222222222222223,0.0,519.0,252.24,148.09815123761675,21933.0624,6001.0,0.128577709197998,9599.0,0.0,6001.0,0.053556203842163,0,,GRASP_time
random_10_4.tsp,10,55,0.1818181818181818,5.5,1.2222222222222223,0.0,500.0,220.76,127.21942618955644,16184.7824,5650.0,0.0755989551544189,6255.0,0.0,5650.0,0.0455608367919921,0,,GRASP_time
random_10_5.tsp,10,55,0.1818181818181818,5.5,1.2222222222222223,0.0,504.0,246.16,139.66837294104917,19507.2544,5818.0,0.1156141757965087,7504.0,0.0,5818.0,0.0390295982360839,0,,GRASP_time
random_10_6.tsp,10,55,0.1818181818181818,5.5,1.2222222222222223,0.0,511.0,220.12,125.22310329967073,15680.8256,5566.0,0.1166017055511474,7851.0,0.0,5566.0,0.0410513877868652,0,,GRASP_time
random_10_7.tsp,10,55,0.1818181818181818,5.5,1.2222222222222223,0.0,476.0,206.66,117.16716434223368,13728.144399999996,5387.0,0.115605354309082,6947.0,0.0005028247833251,5387.0,0.0440404415130615,0,,GRASP_time
random_10_8.tsp,10,55,0.1818181818181818,5.5,1.2222222222222223,0.0,553.0,276.74,150.29075952965306,22587.312400000003,6191.0,0.0981204509735107,8802.0,0.0,6191.0,0.036036729812622,0,,GRASP_time
random_10_9.tsp,10,55,0.1818181818181818,5.5,1.2222222222222223,0.0,571.0,251.5,157.89442675408148,24930.65,5275.0,0.0755794048309326,5605.0,0.000502586364746,5275.0,0.039963960647583,0,,GRASP_time
random_20_0.tsp,20,210,0.0952380952380952,10.5,1.105263157894737,0.0,515.0,225.85,117.62328638496716,13835.2375,14438.0,0.7491190433502197,23258.0,0.002000093460083,14370.0,0.2817728519439697,0,,DBMEA_cost
random_20_1.tsp,20,210,0.0952380952380952,10.5,1.105263157894737,0.0,564.0,258.095,132.2787056747986,17497.655974999998,18155.0,0.4224748611450195,22263.0,0.0020105838775634,17589.0,0.2487204074859619,0,,DBMEA_cost
random_20_2.tsp,20,210,0.0952380952380952,10.5,1.105263157894737,0.0,531.0,244.41,130.85099120755638,17121.9819,15561.0,0.3233966827392578,18795.0,0.0020008087158203,15564.0,0.2627966403961181,0,,GILS_cost
random_20_3.tsp,20,210,0.0952380952380952,10.5,1.105263157894737,0.0,522.0,261.155,139.2278383621609,19384.390975,15691.0,0.5920133590698242,20964.0,0.0020003318786621,15626.0,0.2573170661926269,0,,DBMEA_cost
random_20_4.tsp,20,210,0.0952380952380952,10.5,1.105263157894737,0.0,629.0,236.155,128.14496078660292,16421.130975,15495.0,0.3971936702728271,18769.0,0.0020008087158203,14972.0,0.2643842697143554,0,,DBMEA_cost
random_20_5.tsp,20,210,0.0952380952380952,10.5,1.105263157894737,0.0,539.0,229.665,128.53101872699835,16520.222775,12912.0,0.5004794597625732,18198.0,0.0020005702972412,13036.0,0.3148603439331054,0,,GILS_cost
random_20_6.tsp,20,210,0.0952380952380952,10.5,1.105263157894737,0.0,581.0,261.06,147.53927070444666,21767.8364,18323.0,0.4940330982208252,22766.0,0.0020008087158203,17360.0,0.3040776252746582,0,,DBMEA_cost
random_20_7.tsp,20,210,0.0952380952380952,10.5,1.105263157894737,0.0,540.0,244.62,128.11598495113716,16413.7056,16156.0,0.6377594470977783,24433.0,0.0020003318786621,16156.0,0.2531526088714599,0,,GRASP_time
random_20_8.tsp,20,210,0.0952380952380952,10.5,1.105263157894737,0.0,602.0,251.04,132.43246731825244,17538.3584,16576.0,0.3254227638244629,20330.0,0.0020008087158203,17006.0,0.2215745449066162,0,,GILS_cost
random_20_9.tsp,20,210,0.0952380952380952,10.5,1.105263157894737,0.0,557.0,259.625,133.05620757785036,17703.954375,15870.0,0.4601461887359619,20737.0,0.0020015239715576,15918.0,0.2572312355041504,0,,GILS_cost
random_30_0.tsp,30,465,0.064516129032258,15.5,1.0689655172413792,0.0,621.0,259.6177777777778,131.91396403024527,17401.29390617284,28591.0,1.0747873783111572,30791.0,0.0065042972564697,28187.0,1.015777587890625,0,,DBMEA_cost
random_30_1.tsp,30,465,0.064516129032258,15.5,1.0689655172413792,0.0,509.0,235.97333333333333,118.7801300255598,14108.719288888888,27320.0,1.433558225631714,36002.0,0.0065054893493652,27727.0,0.9222815036773682,0,,GILS_cost
random_30_2.tsp,30,465,0.064516129032258,15.5,1.0689655172413792,0.0,580.0,242.72222222222223,127.54014860495045,16266.48950617284,31882.0,1.0858376026153564,34648.0,0.0050013065338134,31149.0,1.0934343338012695,0,,DBMEA_cost
random_30_3.tsp,30,465,0.064516129032258,15.5,1.0689655172413792,0.0,632.0,276.4977777777778,141.86855025204596,20126.685550617287,32865.0,1.6275193691253662,41286.0,0.0065114498138427,32587.0,0.7698585987091064,0,,DBMEA_cost
random_30_4.tsp,30,465,0.064516129032258,15.5,1.0689655172413792,0.0,572.0,236.4711111111111,123.05729581914672,15143.098054320986,29997.0,1.4858989715576172,39277.0,0.0060009956359863,28810.0,1.0374574661254885,0,,DBMEA_cost
random_30_5.tsp,30,465,0.064516129032258,15.5,1.0689655172413792,0.0,579.0,243.8333333333333,123.84537402207104,15337.676666666666,28346.0,1.4396040439605713,36163.0,0.0065045356750488,28246.0,0.8674290180206299,0,,DBMEA_cost
random_30_6.tsp,30,465,0.064516129032258,15.5,1.0689655172413792,0.0,573.0,264.02666666666664,133.02998559222152,17696.977066666666,32742.0,1.2389426231384275,38503.0,0.0055129528045654,31680.0,0.9979021549224854,0,,DBMEA_cost
random_30_7.tsp,30,465,0.064516129032258,15.5,1.0689655172413792,0.0,572.0,258.47777777777776,127.06689644765667,16145.996172839506,29865.0,1.85950255393982,40923.0,0.0060014724731445,29816.0,0.8930401802062988,0,,DBMEA_cost
random_30_8.tsp,30,465,0.064516129032258,15.5,1.0689655172413792,0.0,515.0,201.76666666666668,106.48230421582316,11338.48111111111,26130.0,0.952324151992798,29440.0,0.0065164566040039,24237.0,0.8619534969329834,0,,DBMEA_cost
random_30_9.tsp,30,465,0.064516129032258,15.5,1.0689655172413792,0.0,625.0,249.7577777777778,128.57964758405393,16532.72577283951,27228.0,1.799238920211792,40820.0,0.0055043697357177,25155.0,0.7630395889282227,0,,DBMEA_cost
random_40_0.tsp,40,820,0.048780487804878,20.5,1.051282051282051,0.0,580.0,250.1025,126.63525178144512,16036.48699375,48681.0,2.733460664749145,57875.0,0.0135154724121093,46601.0,2.942981481552124,0,,DBMEA_cost
random_40_1.tsp,40,820,0.048780487804878,20.5,1.051282051282051,0.0,537.0,245.72375,122.99711352685274,15128.2899359375,45223.0,2.86643385887146,57425.0,0.0145139694213867,41824.0,2.509451389312744,0,,DBMEA_cost
random_40_2.tsp,40,820,0.048780487804878,20.5,1.051282051282051,0.0,597.0,247.93125,126.7947219857258,16076.9015234375,46733.0,3.910172939300537,66892.0,0.0140168666839599,46554.0,3.120239496231079,0,,DBMEA_cost
random_40_3.tsp,40,820,0.048780487804878,20.5,1.051282051282051,0.0,627.0,254.22875,132.0042193395253,17425.1139234375,50839.0,2.751582622528076,64527.0,0.0140261650085449,46921.0,2.409901857376098,0,,DBMEA_cost
random_40_4.tsp,40,820,0.048780487804878,20.5,1.051282051282051,0.0,636.0,268.22125,132.72011828821394,17614.6297984375,50801.0,2.390136241912842,60825.0,0.0145070552825927,49203.0,3.010152578353882,0,,DBMEA_cost
random_40_5.tsp,40,820,0.048780487804878,20.5,1.051282051282051,0.0,607.0,259.4975,129.45151599633743,16757.694993750003,46200.0,3.122889280319214,67425.0,0.0145061016082763,47100.0,2.138277769088745,0,,GILS_cost
random_40_6.tsp,40,820,0.048780487804878,20.5,1.051282051282051,0.0,550.0,248.8425,122.58360491415644,15026.740193750002,48682.0,2.470571517944336,67306.0,0.0145075321197509,47229.0,3.1507067680358887,0,,DBMEA_cost
random_40_7.tsp,40,820,0.048780487804878,20.5,1.051282051282051,0.0,591.0,271.6575,133.54412264772267,17834.03269375,53346.0,2.68898344039917,63319.0,0.0145268440246582,48579.0,2.6080288887023926,0,,DBMEA_cost
random_40_8.tsp,40,820,0.048780487804878,20.5,1.051282051282051,0.0,588.0,256.90875,126.966877268985,16120.5879234375,45373.0,3.435960292816162,62971.0,0.014514684677124,44959.0,2.5929229259490967,0,,DBMEA_cost
random_40_9.tsp,40,820,0.048780487804878,20.5,1.051282051282051,0.0,586.0,262.0575,130.39901914412548,17003.90419375,42689.0,2.4636945724487305,56977.0,0.0140254497528076,42482.0,2.1313257217407227,0,,DBMEA_cost
random_50_0.tsp,50,1275,0.0392156862745098,25.5,1.0408163265306123,0.0,626.0,255.4296,132.05189981155135,17437.70424384,59056.0,4.776275157928467,84432.0,0.0270659923553466,58111.0,5.847266435623169,0,,DBMEA_cost
random_50_1.tsp,50,1275,0.0392156862745098,25.5,1.0408163265306123,0.0,606.0,261.7816,129.95720334571686,16888.87470144,67646.0,4.561665296554565,83402.0,0.027029275894165,64843.0,5.094521522521973,0,,DBMEA_cost
random_50_2.tsp,50,1275,0.0392156862745098,25.5,1.0408163265306123,0.0,612.0,235.516,122.64132478084213,15040.894544,65034.0,4.832793951034546,87616.0,0.0275390148162841,59883.0,5.618360996246338,0,,DBMEA_cost
random_50_3.tsp,50,1275,0.0392156862745098,25.5,1.0408163265306123,0.0,572.0,241.092,122.902889860247,15105.120336000002,61825.0,4.27149224281311,85649.0,0.0271563529968261,63014.0,6.524445533752441,0,,GILS_cost
random_50_4.tsp,50,1275,0.0392156862745098,25.5,1.0408163265306123,0.0,643.0,242.1736,122.72175790396746,15060.62986304,65509.0,6.118112087249756,86533.0,0.0278925895690917,60521.0,6.057598829269409,0,,DBMEA_cost
random_50_5.tsp,50,1275,0.0392156862745098,25.5,1.0408163265306123,0.0,608.0,265.3368,131.61840359828105,17323.40416576,67656.0,5.569552898406982,84427.0,0.0265233516693115,65200.0,5.935321807861328,0,,DBMEA_cost
random_50_6.tsp,50,1275,0.0392156862745098,25.5,1.0408163265306123,0.0,665.0,255.112,128.14159143697256,16420.267456,70371.0,5.246710538864136,94525.0,0.0280365943908691,67545.0,7.2336649894714355,0,,DBMEA_cost
random_50_7.tsp,50,1275,0.0392156862745098,25.5,1.0408163265306123,0.0,558.0,223.3264,116.85255265949478,13654.51906304,58813.0,5.261966228485107,81939.0,0.0269584655761718,58391.0,5.360777139663696,0,,DBMEA_cost
random_50_8.tsp,50,1275,0.0392156862745098,25.5,1.0408163265306123,0.0,612.0,256.3072,125.43774243886884,15734.62722816,65769.0,3.986534357070923,78182.0,0.0275330543518066,62079.0,5.738337516784668,0,,DBMEA_cost
random_50_9.tsp,50,1275,0.0392156862745098,25.5,1.0408163265306123,0.0,623.0,258.6504,127.81999287998728,16337.95057984,68064.0,5.2194983959198,93133.0,0.0275356769561767,66787.0,5.368332624435425,0,,DBMEA_cost
random_60_0.tsp,60,1830,0.0327868852459016,30.5,1.0338983050847457,0.0,620.0,271.2994444444444,135.08557699030075,18248.11311080247,96803.0,8.783329963684082,123906.0,0.0482192039489746,91714.0,8.835944175720215,0,,DBMEA_cost
random_60_1.tsp,60,1830,0.0327868852459016,30.5,1.0338983050847457,0.0,656.0,264.1738888888889,130.26426680828004,16968.779207098767,97938.0,7.317185163497925,122575.0,0.0455601215362548,92566.0,9.042350053787231,0,,DBMEA_cost
random_60_2.tsp,60,1830,0.0327868852459016,30.5,1.0338983050847457,0.0,599.0,254.67666666666668,124.9506743123506,15612.671011111112,95758.0,7.489115715026855,132214.0,0.0464732646942138,91862.0,9.960541725158691,0,,DBMEA_cost
random_60_3.tsp,60,1830,0.0327868852459016,30.5,1.0338983050847457,0.0,631.0,263.99611111111113,131.54071396081514,17302.95942932099,86049.0,10.133267641067505,129336.0,0.0465469360351562,81094.0,8.38442063331604,0,,DBMEA_cost
random_60_4.tsp,60,1830,0.0327868852459016,30.5,1.0338983050847457,0.0,590.0,264.1505555555556,128.30559916647883,16462.326777469134,94169.0,7.459946870803833,128995.0,0.0492300987243652,90553.0,9.195902824401855,0,,DBMEA_cost
random_60_5.tsp,60,1830,0.0327868852459016,30.5,1.0338983050847457,0.0,600.0,258.8561111111111,126.44593867380148,15988.575407098766,92507.0,9.182018041610718,122182.0,0.0475456714630126,84558.0,8.604669332504272,0,,DBMEA_cost
random_60_6.tsp,60,1830,0.0327868852459016,30.5,1.0338983050847457,0.0,677.0,270.6838888888889,134.3170402294052,18041.067295987654,93972.0,8.38266921043396,125278.0,0.0465493202209472,94351.0,8.647951364517212,0,,GILS_cost
random_60_7.tsp,60,1830,0.0327868852459016,30.5,1.0338983050847457,0.0,609.0,240.01111111111112,120.27808006120598,14466.816543209878,88214.0,6.841705560684204,115850.0,0.0469844341278076,87910.0,8.675896883010864,0,,DBMEA_cost
random_60_8.tsp,60,1830,0.0327868852459016,30.5,1.0338983050847457,0.0,678.0,239.1761111111111,120.58562004921782,14540.891762654324,91249.0,8.336892366409302,118752.0,0.047548770904541,86803.0,10.507436990737917,0,,DBMEA_cost
random_60_9.tsp,60,1830,0.0327868852459016,30.5,1.0338983050847457,0.0,673.0,254.12833333333333,128.24189243379092,16445.982975,84643.0,7.421083211898804,125099.0,0.0465540885925293,85716.0,9.194000005722046,0,,GILS_cost
random_70_0.tsp,70,2485,0.028169014084507,35.5,1.0289855072463767,0.0,666.0,271.72,133.3862642011951,17791.89547755102,112918.0,14.133095264434814,160127.0,0.0735771656036377,108972.0,15.342331886291504,0,,DBMEA_cost
random_70_1.tsp,70,2485,0.028169014084507,35.5,1.0289855072463767,0.0,617.0,268.9371428571429,132.79863584251402,17635.47768163265,109843.0,13.501574754714966,174404.0,0.0720839500427246,109336.0,19.25619649887085,0,,DBMEA_cost
random_70_2.tsp,70,2485,0.028169014084507,35.5,1.0289855072463767,0.0,622.0,253.8930612244898,127.67297827036396,16300.389380424826,113262.0,11.605632066726685,171060.0,0.0736012458801269,109476.0,18.910083055496216,0,,DBMEA_cost
random_70_3.tsp,70,2485,0.028169014084507,35.5,1.0289855072463767,0.0,668.0,272.47591836734694,134.44953697020878,18076.67799150354,107722.0,15.408621311187744,189628.0,0.0720882415771484,104273.0,13.870874404907228,0,,DBMEA_cost
random_70_4.tsp,70,2485,0.028169014084507,35.5,1.0289855072463767,0.0,662.0,248.19755102040816,122.27626529800044,14951.485055226987,112054.0,14.04550552368164,158688.0,0.0735740661621093,110602.0,15.673139572143556,0,,DBMEA_cost
random_70_5.tsp,70,2485,0.028169014084507,35.5,1.0289855072463767,0.0,611.0,239.14163265306124,118.81381740141887,14116.723205497708,107544.0,12.18086862564087,158143.0,0.0725657939910888,106967.0,20.913184642791748,0,,DBMEA_cost
random_70_6.tsp,70,2485,0.028169014084507,35.5,1.0289855072463767,0.0,618.0,271.53877551020406,130.14241934429504,16937.049312786337,119947.0,12.111984968185425,194386.0,0.0730996131896972,119499.0,18.986730575561523,0,,DBMEA_cost
random_70_7.tsp,70,2485,0.028169014084507,35.5,1.0289855072463767,0.0,597.0,250.8359183673469,125.25197792920083,15688.057975177013,107003.0,14.599049091339111,150014.0,0.0741171836853027,107294.0,20.79347276687622,0,,GILS_cost
random_70_8.tsp,70,2485,0.028169014084507,35.5,1.0289855072463767,0.0,612.0,240.70244897959185,120.13810774595215,14433.164932778009,111275.0,16.279616355895996,169429.0,0.0740818977355957,105990.0,17.184031009674072,0,,DBMEA_cost
random_70_9.tsp,70,2485,0.028169014084507,35.5,1.0289855072463767,0.0,624.0,233.4636734693877,114.98667405832477,13221.935210995418,105662.0,13.918368339538574,164202.0,0.0726683139801025,104231.0,16.526702165603638,0,,DBMEA_cost
random_80_0.tsp,80,3240,0.0246913580246913,40.5,1.0253164556962024,0.0,645.0,273.436875,132.85303587135064,17649.929140234377,132738.0,18.775662660598755,211923.0,0.1091248989105224,130842.0,24.58960008621216,0,,DBMEA_cost
random_80_1.tsp,80,3240,0.0246913580246913,40.5,1.0253164556962024,0.0,625.0,252.1584375,123.61052831396924,15279.562710058592,131617.0,17.643983364105225,225275.0,0.1081132888793945,133278.0,20.651154279708862,0,,GILS_cost
random_80_2.tsp,80,3240,0.0246913580246913,40.5,1.0253164556962024,0.0,656.0,270.90875,132.36835129077306,17521.380423437502,153066.0,18.56432580947876,214745.0,0.110422134399414,141236.0,23.9418785572052,0,,DBMEA_cost
random_80_3.tsp,80,3240,0.0246913580246913,40.5,1.0253164556962024,0.0,608.0,256.82,125.1265937960432,15656.664475,134542.0,19.55303692817688,216097.0,0.1095645427703857,130245.0,23.72828507423401,0,,DBMEA_cost
random_80_4.tsp,80,3240,0.0246913580246913,40.5,1.0253164556962024,0.0,644.0,274.6971875,131.17342715691254,17206.46799208984,133386.0,16.983099222183228,217632.0,0.1091220378875732,133276.0,24.44328212738037,0,,DBMEA_cost
random_80_5.tsp,80,3240,0.0246913580246913,40.5,1.0253164556962024,0.0,589.0,241.48375,117.31461060301696,13762.7178609375,143936.0,18.008957147598267,216703.0,0.1091518402099609,136088.0,26.900006532669067,0,,DBMEA_cost
random_80_6.tsp,80,3240,0.0246913580246913,40.5,1.0253164556962024,0.0,621.0,250.40875,120.98682954535796,14637.8129234375,132907.0,19.55220103263855,223414.0,0.109349250793457,141671.0,25.123029232025143,0,,GILS_cost
random_80_7.tsp,80,3240,0.0246913580246913,40.5,1.0253164556962024,0.0,645.0,267.1403125,129.95505953945136,16888.317499902347,146895.0,19.36063122749329,195469.0,0.110480785369873,136462.0,24.331931114196777,0,,DBMEA_cost
random_80_8.tsp,80,3240,0.0246913580246913,40.5,1.0253164556962024,0.0,622.0,261.2753125,127.74179823193089,16317.967015527342,142529.0,19.49606347084045,215167.0,0.10911226272583,139155.0,25.463200569152832,0,,DBMEA_cost
random_80_9.tsp,80,3240,0.0246913580246913,40.5,1.0253164556962024,0.0,631.0,259.5509375,124.32286055014616,15456.173655371093,140760.0,14.9140727519989,201152.0,0.1096127033233642,139368.0,26.53094744682312,0,,DBMEA_cost
random_90_0.tsp,90,4095,0.0219780219780219,45.5,1.0224719101123596,0.0,651.0,253.58987654320987,124.24606587401448,15437.084885169945,150414.0,27.78978157043457,241012.0,0.1590049266815185,150191.0,35.18444466590881,0,,DBMEA_cost
random_90_1.tsp,90,4095,0.0219780219780219,45.5,1.0224719101123596,0.0,653.0,251.8135802469136,124.27345222004578,15443.890926688004,160837.0,24.844539642333984,250490.0,0.1541838645935058,164440.0,35.40860652923584,0,,GILS_cost
random_90_2.tsp,90,4095,0.0219780219780219,45.5,1.0224719101123596,0.0,634.0,256.5130864197531,123.34780476302257,15214.680939856731,176426.0,33.26631045341492,265225.0,0.1543993949890136,164052.0,34.80820035934448,0,,DBMEA_cost
random_90_3.tsp,90,4095,0.0219780219780219,45.5,1.0224719101123596,0.0,603.0,247.32543209876545,120.99277101198636,14639.250637158968,152983.0,23.40960478782653,238631.0,0.1552011966705322,155122.0,37.37482714653015,0,,GILS_cost
random_90_4.tsp,90,4095,0.0219780219780219,45.5,1.0224719101123596,0.0,670.0,276.47234567901234,133.3729213476963,17788.33614881878,169955.0,29.26184248924256,275954.0,0.1565196514129638,169103.0,42.40257096290589,0,,DBMEA_cost
random_90_5.tsp,90,4095,0.0219780219780219,45.5,1.0224719101123596,0.0,603.0,254.52666666666667,122.13455403320098,14916.84928888889,175254.0,29.601629734039307,253114.0,0.1551446914672851,170920.0,52.710628032684326,0,,DBMEA_cost
random_90_6.tsp,90,4095,0.0219780219780219,45.5,1.0224719101123596,0.0,594.0,245.8009876543209,119.77128780196274,14345.161381740589,168414.0,23.5686149597168,252535.0,0.152646780014038,164184.0,44.21675658226013,0,,DBMEA_cost
random_90_7.tsp,90,4095,0.0219780219780219,45.5,1.0224719101123596,0.0,634.0,259.501975308642,127.40553943051157,16232.17147757964,168198.0,26.55540442466736,276743.0,0.1553587913513183,158205.0,48.150832176208496,0,,DBMEA_cost
random_90_8.tsp,90,4095,0.0219780219780219,45.5,1.0224719101123596,0.0,639.0,254.81802469135803,125.4067898256301,15726.86293436976,159933.0,30.62834334373474,255339.0,0.1556832790374755,158159.0,42.79420757293701,0,,DBMEA_cost
random_90_9.tsp,90,4095,0.0219780219780219,45.5,1.0224719101123596,0.0,657.0,258.35925925925926,126.44136715429158,15987.419327846366,163447.0,29.896087169647217,278738.0,0.1541581153869629,159439.0,38.80234789848328,0,,DBMEA_cost
rat99.tsp,99,4950,0.02,50.0,1.020408163265306,0.0,218.0,84.13733292521171,47.32618184471948,2239.767487999456,61268.0,26.90526247024536,93052.0,0.2022264003753662,61795.0,52.0507926940918,0,,GILS_cost
rd100.tsp,100,5050,0.0198019801980198,50.5,1.02020202020202,0.0,1334.0,550.105,267.2810774727609,71439.174375,390996.0,45.16526746749878,692453.0,0.2130768299102783,361711.0,61.916667222976685,0,,DBMEA_cost
st70.tsp,70,2485,0.028169014084507,35.5,1.0289855072463767,0.0,129.0,51.50816326530612,24.994320471060604,624.7160558100792,22743.0,16.897485733032227,34400.0,0.0755691528320312,21766.0,15.294191598892212,0,,DBMEA_cost
swiss42.tsp,42,1764,0.0238095238095238,42.0,1.024390243902439,0.0,323.0,112.37981859410432,60.44965447790173,3654.160726497704,22075.0,2.1896376609802246,25994.0,0.0165159702301025,22266.0,2.152332067489624,0,,GILS_cost
bip_100_0.tsp,100,5050,0.0198019801980198,50.5,1.02020202020202,0.0,678.0,310.5414,259.24016333515914,67205.46228604,84782.0,33.790327310562134,139145.0,0.2092916965484619,81252.0,47.24259567260742,0,,DBMEA_cost
bip_100_1.tsp,100,5050,0.0198019801980198,50.5,1.02020202020202,0.0,677.0,310.3694,264.9017194048389,70172.92094364,76886.0,36.84499192237854,122958.0,0.2078561782836914,76620.0,48.86987352371216,0,,DBMEA_cost
bip_100_2.tsp,100,5050,0.0198019801980198,50.5,1.02020202020202,0.0,690.0,309.2858,261.385699146606,68322.48371836,83850.0,36.50062012672424,133269.0,0.2066981792449951,79871.0,49.34645366668701,0,,DBMEA_cost
bip_100_3.tsp,100,5050,0.0198019801980198,50.5,1.02020202020202,0.0,673.0,309.598,261.2371229285761,68244.834396,82390.0,30.04105234146118,131957.0,0.2094812393188476,79459.0,50.39010214805603,0,,DBMEA_cost
bip_100_4.tsp,100,5050,0.0198019801980198,50.5,1.02020202020202,0.0,681.0,309.1558,260.64670327161247,67936.70392636,85220.0,32.437050104141235,130080.0,0.2062418460845947,83842.0,46.57354521751404,0,,DBMEA_cost
bip_100_5.tsp,100,5050,0.0198019801980198,50.5,1.02020202020202,0.0,687.0,310.215,261.59635007965994,68432.65037500001,80482.0,41.3752179145813,132891.0,0.2145063877105713,76320.0,47.48888087272644,0,,DBMEA_cost
bip_100_6.tsp,100,5050,0.0198019801980198,50.5,1.02020202020202,0.0,677.0,310.0654,260.8019032193592,68017.63272284,81084.0,31.449180603027344,128919.0,0.2123253345489502,81307.0,53.01859259605408,0,,GILS_cost
bip_100_7.tsp,100,5050,0.0198019801980198,50.5,1.02020202020202,0.0,682.0,308.8998,261.46541599217284,68364.16375995999,79186.0,32.34628391265869,128953.0,0.2136478424072265,82770.0,48.44652056694031,0,,GILS_cost
bip_100_8.tsp,100,5050,0.0198019801980198,50.5,1.02020202020202,0.0,675.0,309.3584,259.42135600108173,67299.43994943998,85183.0,32.39664053916931,132174.0,0.2134876251220703,85365.0,57.50349450111389,0,,GILS_cost
bip_100_9.tsp,100,5050,0.0198019801980198,50.5,1.02020202020202,0.0,695.0,310.4688,261.8594459372432,68570.36942655999,78988.0,33.04587483406067,132681.0,0.2061889171600341,81628.0,50.20931124687195,0,,GILS_cost
bip_10_0.tsp,10,55,0.1818181818181818,5.5,1.2222222222222223,0.0,651.0,301.98,260.8338543977756,68034.29960000001,4002.0,0.0857694149017334,4844.0,0.0010006427764892,4002.0,0.0430884361267089,0,,GRASP_time
bip_10_1.tsp,10,55,0.1818181818181818,5.5,1.2222222222222223,0.0,623.0,302.08,266.7458595742397,71153.3536,3790.0,0.1009078025817871,4535.0,0.0,3790.0,0.0405771732330322,0,,GRASP_time
bip_10_2.tsp,10,55,0.1818181818181818,5.5,1.2222222222222223,0.0,672.0,317.36,275.3941001546692,75841.9104,4453.0,0.0771491527557373,4486.0,0.001000165939331,4453.0,0.041396141052246,0,,GRASP_time
bip_10_3.tsp,10,55,0.1818181818181818,5.5,1.2222222222222223,0.0,639.0,314.62,281.937290190567,79488.6356,3732.0,0.0801057815551757,3907.0,0.0,3862.0,0.0491905212402343,0,,GILS_cost
bip_10_4.tsp,10,55,0.1818181818181818,5.5,1.2222222222222223,0.0,644.0,311.9,265.4068009678727,70440.76999999999,4557.0,0.0714082717895507,4650.0,0.0,4557.0,0.044339895248413,0,,GRASP_time
bip_10_5.tsp,10,55,0.1818181818181818,5.5,1.2222222222222223,0.0,596.0,303.34,259.4245639872986,67301.1044,4235.0,0.1082329750061035,4533.0,0.0,4235.0,0.046199083328247,0,,GRASP_time
bip_10_6.tsp,10,55,0.1818181818181818,5.5,1.2222222222222223,0.0,638.0,306.04,262.8662747482073,69098.67839999999,4099.0,0.0895473957061767,4402.0,0.0,4099.0,0.0431215763092041,0,,GRASP_time
bip_10_7.tsp,10,55,0.1818181818181818,5.5,1.2222222222222223,0.0,601.0,298.66,259.0284625287345,67095.74440000001,3875.0,0.0611796379089355,3875.0,0.0009999275207519,3875.0,0.0440781116485595,0,,GRASP_time
bip_10_8.tsp,10,55,0.1818181818181818,5.5,1.2222222222222223,0.0,624.0,302.66,262.04882064226126,68669.5844,4088.0,0.0626096725463867,4108.0,0.001000165939331,4088.0,0.0430438518524169,0,,GRASP_time
bip_10_9.tsp,10,55,0.1818181818181818,5.5,1.2222222222222223,0.0,630.0,309.28,280.9712469275103,78944.84159999999,4007.0,0.0711779594421386,4176.0,0.0,4007.0,0.0522663593292236,0,,GRASP_time
bip_20_0.tsp,20,210,0.0952380952380952,10.5,1.105263157894737,0.0,671.0,303.735,256.5382325794734,65811.864775,9695.0,0.4133939743041992,10645.0,0.0020003318786621,9905.0,0.2774751186370849,0,,GILS_cost
bip_20_1.tsp,20,210,0.0952380952380952,10.5,1.105263157894737,0.0,631.0,295.295,251.4585213807637,63231.38797499999,8500.0,0.4270334243774414,9860.0,0.0020010471343994,8889.0,0.284860610961914,0,,GILS_cost
bip_20_2.tsp,20,210,0.0952380952380952,10.5,1.105263157894737,0.0,686.0,318.865,274.2413112114949,75208.296775,10220.0,0.3460829257965088,10887.0,0.0020005702972412,10392.0,0.2639389038085937,0,,GILS_cost
bip_20_3.tsp,20,210,0.0952380952380952,10.5,1.105263157894737,0.0,644.0,307.275,262.10679002078524,68699.969375,8672.0,0.3459138870239258,9229.0,0.0020012855529785,8765.0,0.3160693645477295,0,,GILS_cost
bip_20_4.tsp,20,210,0.0952380952380952,10.5,1.105263157894737,0.0,665.0,321.295,267.3927410663947,71498.877975,9438.0,0.5051515102386475,12194.0,0.0020010471343994,9672.0,0.2316193580627441,0,,GILS_cost
bip_20_5.tsp,20,210,0.0952380952380952,10.5,1.105263157894737,0.0,656.0,301.97,256.24495916993175,65661.4791,9595.0,0.3568084239959717,10738.0,0.0020003318786621,9647.0,0.2443759441375732,0,,GILS_cost
bip_20_6.tsp,20,210,0.0952380952380952,10.5,1.105263157894737,0.0,634.0,296.48,253.15400372105515,64086.9496,8573.0,0.4002103805541992,9327.0,0.0019998550415039,8573.0,0.2388849258422851,0,,GRASP_time
bip_20_7.tsp,20,210,0.0952380952380952,10.5,1.105263157894737,0.0,636.0,301.835,260.6485330382659,67937.657775,8640.0,0.4908509254455566,9992.0,0.0020508766174316,8754.0,0.2340068817138672,0,,GILS_cost
bip_20_8.tsp,20,210,0.0952380952380952,10.5,1.105263157894737,0.0,676.0,314.085,270.8958984093336,73384.58777499999,10043.0,0.3955299854278564,11113.0,0.0025150775909423,10283.0,0.2710165977478027,0,,GILS_cost
bip_20_9.tsp,20,210,0.0952380952380952,10.5,1.105263157894737,0.0,637.0,303.35,260.4532731604654,67835.9075,9528.0,0.5110146999359131,10788.0,0.0015032291412353,9541.0,0.2611947059631347,0,,GILS_cost
bip_30_0.tsp,30,465,0.064516129032258,15.5,1.0689655172413792,0.0,666.0,297.88,251.614782819558,63309.99893333333,15896.0,0.8569202423095703,17836.0,0.0060009956359863,15931.0,0.958521842956543,0,,GILS_cost
bip_30_1.tsp,30,465,0.064516129032258,15.5,1.0689655172413792,0.0,664.0,303.34,256.95984545795824,66028.36217777777,16383.0,1.0556426048278809,17172.0,0.0055053234100341,16509.0,0.9343376159667968,0,,GILS_cost
bip_30_2.tsp,30,465,0.064516129032258,15.5,1.0689655172413792,0.0,660.0,305.74666666666667,256.65152821156806,65870.00693333332,17641.0,1.2519769668579102,19115.0,0.0070767402648925,17016.0,0.950944185256958,0,,DBMEA_cost
bip_30_3.tsp,30,465,0.064516129032258,15.5,1.0689655172413792,0.0,675.0,316.4222222222222,269.8152362791899,72800.26172839505,16555.0,1.134593486785889,17754.0,0.0058779716491699,17066.0,0.8368196487426758,0,,GILS_cost
bip_30_4.tsp,30,465,0.064516129032258,15.5,1.0689655172413792,0.0,667.0,306.0355555555556,256.15418720897645,65614.96762469136,16196.0,1.424870252609253,18447.0,0.0065155029296875,16048.0,0.9807074069976808,0,,DBMEA_cost
bip_30_5.tsp,30,465,0.064516129032258,15.5,1.0689655172413792,0.0,643.0,296.61555555555555,252.66018677315768,63837.16998024692,15686.0,1.0554122924804688,17130.0,0.0065047740936279,16334.0,0.7729558944702148,0,,GILS_cost
bip_30_6.tsp,30,465,0.064516129032258,15.5,1.0689655172413792,0.0,647.0,309.04,265.614671950846,70551.15395555555,16437.0,1.1934928894042969,17382.0,0.0060012340545654,16458.0,0.9200921058654784,0,,GILS_cost
bip_30_7.tsp,30,465,0.064516129032258,15.5,1.0689655172413792,0.0,664.0,310.8288888888889,261.7364060969418,68505.94627654321,16467.0,1.3740131855010986,19521.0,0.005505084991455,16342.0,0.98012375831604,0,,DBMEA_cost
bip_30_8.tsp,30,465,0.064516129032258,15.5,1.0689655172413792,0.0,672.0,303.5422222222222,256.3829241054082,65732.20377283951,16980.0,0.9919705390930176,17897.0,0.0065047740936279,17472.0,0.8570442199707031,0,,GILS_cost
bip_30_9.tsp,30,465,0.064516129032258,15.5,1.0689655172413792,0.0,646.0,299.96,256.21654591380315,65646.91840000001,15573.0,1.3573987483978271,16723.0,0.0065040588378906,16026.0,0.913820505142212,0,,GILS_cost
bip_40_0.tsp,40,820,0.048780487804878,20.5,1.051282051282051,0.0,689.0,304.85625,257.0241099312232,66061.3930859375,24346.0,2.655803680419922,29765.0,0.0137548446655273,24514.0,2.4690237045288086,0,,GILS_cost
bip_40_1.tsp,40,820,0.048780487804878,20.5,1.051282051282051,0.0,645.0,304.37125,261.1290407508087,68188.3759234375,23815.0,2.53975510597229,27258.0,0.0150184631347656,23397.0,2.2965667247772217,0,,DBMEA_cost
bip_40_2.tsp,40,820,0.048780487804878,20.5,1.051282051282051,0.0,643.0,300.74,256.20007298984126,65638.4774,23228.0,2.28218150138855,27456.0,0.0142650604248046,22765.0,2.617375135421753,0,,DBMEA_cost
bip_40_3.tsp,40,820,0.048780487804878,20.5,1.051282051282051,0.0,670.0,312.96875,263.3455814579723,69350.8952734375,23518.0,2.140129804611206,27507.0,0.0141816139221191,23955.0,2.569852352142334,0,,GILS_cost
bip_40_4.tsp,40,820,0.048780487804878,20.5,1.051282051282051,0.0,686.0,312.40125,259.6430727911636,67414.5252484375,25499.0,1.946805715560913,29193.0,0.0136899948120117,24735.0,2.6160030364990234,0,,DBMEA_cost
bip_40_5.tsp,40,820,0.048780487804878,20.5,1.051282051282051,0.0,667.0,312.145,265.37400772306245,70423.36397500001,24537.0,2.423812866210937,28820.0,0.0149662494659423,24217.0,2.257974147796631,0,,DBMEA_cost
bip_40_6.tsp,40,820,0.048780487804878,20.5,1.051282051282051,0.0,670.0,309.06,261.7237310600626,68499.31139999999,23949.0,2.473891258239746,29077.0,0.0140202045440673,23806.0,2.627938032150269,0,,DBMEA_cost
bip_40_7.tsp,40,820,0.048780487804878,20.5,1.051282051282051,0.0,697.0,311.04375,265.7380558669336,70616.7143359375,25161.0,1.9238181114196773,27829.0,0.0145120620727539,24686.0,2.7873127460479736,0,,DBMEA_cost
bip_40_8.tsp,40,820,0.048780487804878,20.5,1.051282051282051,0.0,662.0,315.8925,267.63217004640904,71626.97844374999,24202.0,2.6507139205932617,28459.0,0.0145092010498046,24131.0,2.523966312408448,0,,DBMEA_cost
bip_40_9.tsp,40,820,0.048780487804878,20.5,1.051282051282051,0.0,679.0,307.9125,262.52957898825423,68921.77984375,22146.0,3.066056966781616,26201.0,0.01401948928833,21998.0,2.471817970275879,0,,DBMEA_cost
bip_50_0.tsp,50,1275,0.0392156862745098,25.5,1.0408163265306123,0.0,664.0,306.6,259.89954059212954,67547.7712,31841.0,4.626479387283325,38260.0,0.0265452861785888,31403.0,5.834863185882568,0,,DBMEA_cost
bip_50_1.tsp,50,1275,0.0392156862745098,25.5,1.0408163265306123,0.0,687.0,311.5176,261.7485909995315,68512.32489024001,30909.0,4.769219398498535,37246.0,0.0267956256866455,31248.0,5.315812349319458,0,,GILS_cost
bip_50_2.tsp,50,1275,0.0392156862745098,25.5,1.0408163265306123,0.0,653.0,305.0608,258.836450878465,66996.30830336001,30917.0,4.207446098327637,39387.0,0.02593994140625,31728.0,5.921715021133423,0,,GILS_cost
bip_50_3.tsp,50,1275,0.0392156862745098,25.5,1.0408163265306123,0.0,667.0,308.368,257.3489781910937,66228.496576,32312.0,3.5688610076904297,37634.0,0.0267817974090576,31627.0,4.925985097885132,0,,DBMEA_cost
bip_50_4.tsp,50,1275,0.0392156862745098,25.5,1.0408163265306123,0.0,684.0,308.9576,260.6229134252014,67924.30300224,33454.0,4.660866737365723,39110.0,0.0265886783599853,31736.0,5.079947233200073,0,,DBMEA_cost
bip_50_5.tsp,50,1275,0.0392156862745098,25.5,1.0408163265306123,0.0,680.0,315.2544,267.22341678947225,71408.35448064,31120.0,4.507323265075684,38779.0,0.0275385379791259,30339.0,4.744922876358032,0,,DBMEA_cost
bip_50_6.tsp,50,1275,0.0392156862745098,25.5,1.0408163265306123,0.0,685.0,311.488,265.088305769983,70271.80985599999,32359.0,4.372497797012329,40314.0,0.0280406475067138,32110.0,5.420038223266602,0,,DBMEA_cost
bip_50_7.tsp,50,1275,0.0392156862745098,25.5,1.0408163265306123,0.0,643.0,312.2056,263.27567933373564,69314.08332864,31366.0,3.722079515457153,36744.0,0.0294077396392822,31234.0,5.718053579330444,0,,DBMEA_cost
bip_50_8.tsp,50,1275,0.0392156862745098,25.5,1.0408163265306123,0.0,675.0,317.0784,265.6020968543735,70544.47385344,33781.0,5.43571400642395,40190.0,0.0275304317474365,32660.0,5.124946355819702,0,,DBMEA_cost
bip_50_9.tsp,50,1275,0.0392156862745098,25.5,1.0408163265306123,0.0,678.0,311.5008,261.1189345860617,68183.09799936,33127.0,4.170600652694702,40121.0,0.0265324115753173,33386.0,5.329155206680298,0,,GILS_cost
bip_60_0.tsp,60,1830,0.0327868852459016,30.5,1.0338983050847457,0.0,656.0,307.01722222222224,257.9243046430818,66524.94692561729,39414.0,7.25743818283081,53206.0,0.0487022399902343,39224.0,6.886047840118408,0,,DBMEA_cost
bip_60_1.tsp,60,1830,0.0327868852459016,30.5,1.0338983050847457,0.0,675.0,308.5516666666667,260.67047652266945,67949.09733055555,39951.0,6.444403171539307,53463.0,0.0450520515441894,39748.0,7.51221227645874,0,,DBMEA_cost
bip_60_2.tsp,60,1830,0.0327868852459016,30.5,1.0338983050847457,0.0,697.0,310.365,263.8042784538483,69592.69733055556,41574.0,6.915935754776001,53439.0,0.0468060970306396,41847.0,7.431173086166382,0,,GILS_cost
bip_60_3.tsp,60,1830,0.0327868852459016,30.5,1.0338983050847457,0.0,678.0,309.25055555555554,260.3525729120294,67783.46222191359,41406.0,7.318868398666382,54950.0,0.0459568500518798,40944.0,7.908539056777954,0,,DBMEA_cost
bip_60_4.tsp,60,1830,0.0327868852459016,30.5,1.0338983050847457,0.0,688.0,312.5761111111111,265.1179837698866,70287.54531820987,40826.0,8.37980341911316,51572.0,0.0461277961730957,41632.0,8.051164627075195,0,,GILS_cost
bip_60_5.tsp,60,1830,0.0327868852459016,30.5,1.0338983050847457,0.0,697.0,314.35,264.2135704942752,69808.81083333334,39539.0,6.737362146377564,53386.0,0.0462892055511474,37321.0,7.799190521240234,0,,DBMEA_cost
bip_60_6.tsp,60,1830,0.0327868852459016,30.5,1.0338983050847457,0.0,680.0,307.2888888888889,260.3454924366826,67779.77543209876,39726.0,7.388815879821777,51874.0,0.0470764636993408,39527.0,7.783554077148437,0,,DBMEA_cost
bip_60_7.tsp,60,1830,0.0327868852459016,30.5,1.0338983050847457,0.0,684.0,307.39166666666665,259.38812496912806,67282.199375,41730.0,7.186307907104492,54085.0,0.0469040870666503,42111.0,8.072463989257812,0,,GILS_cost
bip_60_8.tsp,60,1830,0.0327868852459016,30.5,1.0338983050847457,0.0,654.0,304.4922222222222,257.18420969663737,66143.71771728394,41987.0,6.709128856658936,51461.0,0.046562910079956,39319.0,8.323187589645386,0,,DBMEA_cost
bip_60_9.tsp,60,1830,0.0327868852459016,30.5,1.0338983050847457,0.0,691.0,311.14722222222224,256.8948855359058,65994.98221450616,43341.0,8.910239934921265,57278.0,0.0461061000823974,41814.0,7.293873310089111,0,,DBMEA_cost
bip_70_0.tsp,70,2485,0.028169014084507,35.5,1.0289855072463767,0.0,651.0,305.92571428571426,260.59985628138315,67912.28509387755,50102.0,12.537621021270752,68988.0,0.0720002651214599,49784.0,14.32103943824768,0,,DBMEA_cost
bip_70_1.tsp,70,2485,0.028169014084507,35.5,1.0289855072463767,0.0,663.0,308.6061224489796,261.1915169639784,68221.00853394419,50992.0,10.312960386276243,71593.0,0.0729258060455322,51344.0,13.817934274673462,0,,GILS_cost
bip_70_2.tsp,70,2485,0.028169014084507,35.5,1.0289855072463767,0.0,664.0,303.56204081632654,254.10913376976995,64571.45186522282,53085.0,10.744010210037231,70195.0,0.0715939998626709,51698.0,14.347026824951172,0,,DBMEA_cost
bip_70_3.tsp,70,2485,0.028169014084507,35.5,1.0289855072463767,0.0,666.0,308.1171428571429,259.9643754086945,67581.47648163265,55044.0,13.12480401992798,75881.0,0.0732145309448242,51274.0,16.658445119857788,0,,DBMEA_cost
bip_70_4.tsp,70,2485,0.028169014084507,35.5,1.0289855072463767,0.0,672.0,303.8530612244898,258.6921968183628,66921.65269471054,47785.0,10.206384181976318,64422.0,0.0737807750701904,48307.0,13.333502054214478,0,,GILS_cost
bip_70_5.tsp,70,2485,0.028169014084507,35.5,1.0289855072463767,0.0,684.0,308.6363265306122,261.22011749178887,68235.94978242398,53159.0,10.505479335784912,71851.0,0.0725817680358886,49892.0,15.034013986587524,0,,DBMEA_cost
bip_70_6.tsp,70,2485,0.028169014084507,35.5,1.0289855072463767,0.0,680.0,313.2575510204082,264.78240622644046,70109.72264706373,49193.0,12.320878267288208,71972.0,0.0725646018981933,48192.0,17.376763343811035,0,,DBMEA_cost
bip_70_7.tsp,70,2485,0.028169014084507,35.5,1.0289855072463767,0.0,663.0,312.3420408163265,262.6960386499303,69009.20872236569,52529.0,13.498391389846802,74984.0,0.0714051723480224,48784.0,15.32220697402954,0,,DBMEA_cost
bip_70_8.tsp,70,2485,0.028169014084507,35.5,1.0289855072463767,0.0,687.0,310.69673469387754,261.6582735397197,68465.05211178676,50432.0,12.948276996612549,73166.0,0.073214054107666,50021.0,14.57543396949768,0,,DBMEA_cost
bip_70_9.tsp,70,2485,0.028169014084507,35.5,1.0289855072463767,0.0,674.0,310.50857142857143,260.90426449687067,68071.03523265306,50725.0,13.447155237197876,69693.0,0.0730886459350586,48716.0,14.502158164978027,0,,DBMEA_cost
bip_80_0.tsp,80,3240,0.0246913580246913,40.5,1.0253164556962024,0.0,689.0,309.604375,262.62844663299404,68973.70098085939,59380.0,18.929011821746823,88206.0,0.1083784103393554,57436.0,19.91434407234192,0,,DBMEA_cost
bip_80_1.tsp,80,3240,0.0246913580246913,40.5,1.0253164556962024,0.0,674.0,311.8003125,262.96267998026326,69149.37106240234,62192.0,15.343027591705322,88256.0,0.1065750122070312,62583.0,21.046855688095093,0,,GILS_cost
bip_80_2.tsp,80,3240,0.0246913580246913,40.5,1.0253164556962024,0.0,672.0,306.9015625,258.6586916141783,66904.31874755859,56929.0,19.266876697540283,84823.0,0.1071913242340087,56605.0,20.92752766609192,0,,DBMEA_cost
bip_80_3.tsp,80,3240,0.0246913580246913,40.5,1.0253164556962024,0.0,681.0,312.8003125,263.70717152250967,69541.47231240233,59339.0,20.90804600715637,89240.0,0.1062812805175781,59478.0,19.392325162887573,0,,GILS_cost
bip_80_4.tsp,80,3240,0.0246913580246913,40.5,1.0253164556962024,0.0,680.0,310.91625,262.59381868379444,68955.5136109375,59882.0,19.94731473922729,87516.0,0.1088373661041259,57147.0,15.88408589363098,0,,DBMEA_cost
bip_80_5.tsp,80,3240,0.0246913580246913,40.5,1.0253164556962024,0.0,686.0,309.9196875,258.9264859229398,67042.92511240234,63717.0,21.671342849731445,96684.0,0.1088504791259765,63904.0,22.148194551467896,0,,GILS_cost
bip_80_6.tsp,80,3240,0.0246913580246913,40.5,1.0253164556962024,0.0,673.0,307.6240625,259.6403153566412,67413.09335849609,60446.0,18.199727296829224,87841.0,0.1096916198730468,60269.0,19.860578060150143,0,,DBMEA_cost
bip_80_7.tsp,80,3240,0.0246913580246913,40.5,1.0253164556962024,0.0,677.0,312.12,263.0450709479271,69192.70935,56128.0,16.347435235977173,88077.0,0.1100149154663086,55321.0,24.121140003204346,0,,DBMEA_cost
bip_80_8.tsp,80,3240,0.0246913580246913,40.5,1.0253164556962024,0.0,675.0,305.159375,256.5168090975899,65800.87334960938,61001.0,18.92243814468384,87664.0,0.1061079502105712,62107.0,19.927361965179443,0,,GILS_cost
bip_80_9.tsp,80,3240,0.0246913580246913,40.5,1.0253164556962024,0.0,681.0,309.38625,261.5376446344532,68401.9395609375,60745.0,15.946503400802612,85760.0,0.1121532917022705,60253.0,21.059606790542603,0,,DBMEA_cost
bip_90_0.tsp,90,4095,0.0219780219780219,45.5,1.0224719101123596,0.0,682.0,305.7543209876543,258.5734924539783,66860.25099984759,64001.0,21.90868663787841,103759.0,0.1547667980194091,63893.0,27.29361820220948,0,,DBMEA_cost
bip_90_1.tsp,90,4095,0.0219780219780219,45.5,1.0224719101123596,0.0,685.0,310.35925925925926,259.57669067193234,67380.05834019204,73552.0,24.3185555934906,115023.0,0.1520087718963623,68291.0,34.222315073013306,0,,DBMEA_cost
bip_90_2.tsp,90,4095,0.0219780219780219,45.5,1.0224719101123596,0.0,669.0,307.94493827160494,258.22838045880803,66681.8964743789,69708.0,28.42285823822021,102709.0,0.1489884853363037,69053.0,28.15697431564331,0,,DBMEA_cost
bip_90_3.tsp,90,4095,0.0219780219780219,45.5,1.0224719101123596,0.0,684.0,314.6664197530864,268.21158145748024,71937.45242792256,69195.0,24.893150091171265,104935.0,0.1522538661956787,68152.0,29.875141620635983,0,,DBMEA_cost
bip_90_4.tsp,90,4095,0.0219780219780219,45.5,1.0224719101123596,0.0,684.0,310.91407407407405,260.2369035130656,67723.24595006858,71833.0,29.98422884941101,109945.0,0.1517324447631836,72160.0,29.81880760192871,0,,GILS_cost
bip_90_5.tsp,90,4095,0.0219780219780219,45.5,1.0224719101123596,0.0,695.0,308.70716049382713,259.4099890003694,67293.54239317178,77968.0,28.094806432724,117890.0,0.1507291793823242,75154.0,32.575499534606934,0,,DBMEA_cost
bip_90_6.tsp,90,4095,0.0219780219780219,45.5,1.0224719101123596,0.0,694.0,307.900987654321,259.7754031333579,67483.2600730986,75074.0,27.98926782608032,110798.0,0.1515066623687744,69990.0,28.05802035331726,0,,DBMEA_cost
bip_90_7.tsp,90,4095,0.0219780219780219,45.5,1.0224719101123596,0.0,684.0,306.89432098765434,258.0837498146021,66607.2219183661,71876.0,25.89706993103028,112158.0,0.1536738872528076,67970.0,38.10286140441895,0,,DBMEA_cost
bip_90_8.tsp,90,4095,0.0219780219780219,45.5,1.0224719101123596,0.0,682.0,307.1585185185185,258.82248467933186,66989.07857558299,67313.0,26.436357498168945,107017.0,0.1522579193115234,68754.0,29.475499153137207,0,,GILS_cost
bip_90_9.tsp,90,4095,0.0219780219780219,45.5,1.0224719101123596,0.0,688.0,313.09234567901234,261.73550755814546,68505.47591672001,73484.0,25.00705885887146,114936.0,0.1549961566925048,70412.0,32.34793162345886,0,,DBMEA_cost
line_100_0.tsp,100,5050,0.0198019801980198,50.5,1.02020202020202,0.0,997.0,360.837,258.20301630887275,66668.79763100001,72157.0,37.42526912689209,159765.0,0.3171417713165283,65685.0,58.23402905464173,0,,DBMEA_cost
line_100_1.tsp,100,5050,0.0198019801980198,50.5,1.02020202020202,0.0,989.0,333.3048,237.24469034513712,56285.04309696,67498.0,37.08853840827942,163134.0,0.3599205017089844,77056.0,56.47225570678711,0,,GILS_cost
line_100_2.tsp,100,5050,0.0198019801980198,50.5,1.02020202020202,0.0,978.0,342.882,246.103891224824,60567.125276,66366.0,35.673335313797,204946.0,0.3201873302459717,75346.0,66.6259069442749,0,,GILS_cost
line_100_3.tsp,100,5050,0.0198019801980198,50.5,1.02020202020202,0.0,980.0,319.0544,227.94352511234004,51958.25064064,75136.0,34.572202920913696,154156.0,0.3238637447357178,70082.0,62.3801109790802,0,,DBMEA_cost
line_100_4.tsp,100,5050,0.0198019801980198,50.5,1.02020202020202,0.0,983.0,356.0944,253.85195191024235,64440.81348864,76278.0,28.623897552490234,141924.0,0.3223280906677246,84004.0,67.35269784927368,0,,GILS_cost
line_100_5.tsp,100,5050,0.0198019801980198,50.5,1.02020202020202,0.0,978.0,343.7342,246.6616020996377,60841.94595036,81587.0,43.6521143913269,187921.0,0.315340518951416,79619.0,73.0644223690033,0,,DBMEA_cost
line_100_6.tsp,100,5050,0.0198019801980198,50.5,1.02020202020202,0.0,994.0,333.7266,238.0685856059972,56676.65145244,68701.0,34.2088041305542,141535.0,0.3143062591552734,76413.0,61.17428398132324,0,,GILS_cost
line_100_7.tsp,100,5050,0.0198019801980198,50.5,1.02020202020202,0.0,989.0,323.2022,230.93314208913367,53330.11611516,63907.0,51.7197539806366,200539.0,0.3179430961608886,61501.0,56.73159003257752,0,,DBMEA_cost
line_100_8.tsp,100,5050,0.0198019801980198,50.5,1.02020202020202,0.0,990.0,332.6738,237.021091452976,56178.99779356,73443.0,32.34460210800171,168525.0,0.3150477409362793,84383.0,61.66713237762451,0,,GILS_cost
line_100_9.tsp,100,5050,0.0198019801980198,50.5,1.02020202020202,0.0,963.0,329.5956,236.568022481146,55964.42926064,79690.0,38.70026683807373,166214.0,0.3108220100402832,77010.0,65.97544002532959,0,,DBMEA_cost
line_10_0.tsp,10,55,0.1818181818181818,5.5,1.2222222222222223,0.0,58.0,20.42,14.98811529179036,224.64360000000005,299.0,0.1209759712219238,565.0,0.0010004043579101,299.0,0.0385510921478271,0,,GRASP_time
line_10_1.tsp,10,55,0.1818181818181818,5.5,1.2222222222222223,0.0,83.0,32.0,23.467424230196208,550.72,610.0,0.0590682029724121,610.0,0.001000165939331,494.0,0.0408763885498046,0,,DBMEA_cost
line_10_2.tsp,10,55,0.1818181818181818,5.5,1.2222222222222223,0.0,84.0,27.28,21.80370610699016,475.4016,414.0,0.1067302227020263,516.0,0.0010004043579101,414.0,0.0402765274047851,0,,GRASP_time
line_10_3.tsp,10,55,0.1818181818181818,5.5,1.2222222222222223,0.0,81.0,36.14,29.495769188139512,870.0004000000001,365.0,0.057941198348999,365.0,0.0,365.0,0.0400235652923584,0,,GRASP_time
line_10_4.tsp,10,55,0.1818181818181818,5.5,1.2222222222222223,0.0,92.0,35.12,25.878670754117177,669.7055999999998,688.0,0.0824670791625976,726.0,0.001000165939331,646.0,0.0415635108947753,0,,DBMEA_cost
line_10_5.tsp,10,55,0.1818181818181818,5.5,1.2222222222222223,0.0,74.0,24.44,18.47069029570904,341.1664,426.0,0.1585474014282226,898.0,0.0,426.0,0.0415859222412109,0,,GRASP_time
line_10_6.tsp,10,55,0.1818181818181818,5.5,1.2222222222222223,0.0,49.0,17.08,12.820046801786646,164.3536,288.0,0.1173999309539794,516.0,0.0,288.0,0.039424180984497,0,,GRASP_time
line_10_7.tsp,10,55,0.1818181818181818,5.5,1.2222222222222223,0.0,86.0,32.8,26.926566806780247,725.0399999999998,486.0,0.1580944061279297,1020.0,0.0,486.0,0.0435047149658203,0,,GRASP_time
line_10_8.tsp,10,55,0.1818181818181818,5.5,1.2222222222222223,0.0,94.0,37.6,29.198630104852523,852.56,472.0,0.0836157798767089,658.0,0.0010008811950683,472.0,0.0400576591491699,0,,GRASP_time
line_10_9.tsp,10,55,0.1818181818181818,5.5,1.2222222222222223,0.0,56.0,19.78,14.76927892620354,218.1316,281.0,0.0595827102661132,281.0,0.0,281.0,0.0420928001403808,0,,GRASP_time
line_20_0.tsp,20,210,0.0952380952380952,10.5,1.105263157894737,0.0,194.0,65.97,51.10615520658936,2611.8391,2434.0,0.560969352722168,3774.0,0.0030012130737304,2434.0,0.3167147636413574,0,,GRASP_time
line_20_1.tsp,20,210,0.0952380952380952,10.5,1.105263157894737,0.0,184.0,65.65,47.92157656004235,2296.4775,2420.0,0.3537733554840088,2722.0,0.0030004978179931,2420.0,0.2657089233398437,0,,GRASP_time
line_20_2.tsp,20,210,0.0952380952380952,10.5,1.105263157894737,0.0,191.0,72.765,55.220555728822575,3049.309775,2449.0,0.6415817737579346,4389.0,0.003000259399414,2483.0,0.2598977088928222,0,,GILS_cost
line_20_3.tsp,20,210,0.0952380952380952,10.5,1.105263157894737,0.0,181.0,60.23,45.246293770871446,2047.2271000000003,2286.0,0.3464500904083252,2608.0,0.0039999485015869,2284.0,0.2923412322998047,0,,DBMEA_cost
line_20_4.tsp,20,210,0.0952380952380952,10.5,1.105263157894737,0.0,172.0,57.15,43.13928024434344,1860.9975,2084.0,0.6912722587585449,4298.0,0.0030000209808349,2066.0,0.2956619262695312,0,,DBMEA_cost
line_20_5.tsp,20,210,0.0952380952380952,10.5,1.105263157894737,0.0,191.0,67.93,49.66986108295452,2467.0951,2676.0,0.4390878677368164,3232.0,0.00250244140625,2670.0,0.2656023502349853,0,,DBMEA_cost
line_20_6.tsp,20,210,0.0952380952380952,10.5,1.105263157894737,0.0,168.0,50.825,39.35370852918439,1548.714375,1709.0,0.6624672412872314,3669.0,0.003000259399414,1737.0,0.2523603439331054,0,,GILS_cost
line_20_7.tsp,20,210,0.0952380952380952,10.5,1.105263157894737,0.0,190.0,63.125,47.78921818778792,2283.809375,2165.0,0.2925610542297363,2227.0,0.0030012130737304,2165.0,0.2574899196624756,0,,GRASP_time
line_20_8.tsp,20,210,0.0952380952380952,10.5,1.105263157894737,0.0,172.0,67.415,48.88264288067903,2389.512775,2379.0,0.3629417419433594,2665.0,0.0030000209808349,2559.0,0.2983548641204834,0,,GILS_cost
line_20_9.tsp,20,210,0.0952380952380952,10.5,1.105263157894737,0.0,172.0,69.555,52.96977416414006,2805.796975,2511.0,0.4126782417297363,2793.0,0.0030007362365722,2391.0,0.2615373134613037,0,,DBMEA_cost
line_30_0.tsp,30,465,0.064516129032258,15.5,1.0689655172413792,0.0,284.0,101.71111111111112,79.00152522359501,6241.24098765432,5928.0,0.927422285079956,8026.0,0.0095055103302001,5872.0,1.11082124710083,0,,DBMEA_cost
line_30_1.tsp,30,465,0.064516129032258,15.5,1.0689655172413792,0.0,272.0,92.46222222222222,66.65959725480525,4443.501906172839,5740.0,0.896489143371582,6170.0,0.0095055103302001,5986.0,0.9823927879333496,0,,GILS_cost
line_30_2.tsp,30,465,0.064516129032258,15.5,1.0689655172413792,0.0,272.0,100.76,73.14922464843129,5350.809066666667,4008.0,1.3987987041473389,7586.0,0.0085046291351318,3756.0,0.7543306350708008,0,,DBMEA_cost
line_30_3.tsp,30,465,0.064516129032258,15.5,1.0689655172413792,0.0,288.0,102.2311111111111,74.46765091030309,5545.431032098765,4866.0,0.810187578201294,5146.0,0.0095059871673583,4842.0,0.982901096343994,0,,DBMEA_cost
line_30_4.tsp,30,465,0.064516129032258,15.5,1.0689655172413792,0.0,262.0,87.34444444444445,63.87925434601181,4080.559135802469,5221.0,1.3716802597045898,7593.0,0.0095059871673583,5447.0,0.9518978595733644,0,,GILS_cost
line_30_5.tsp,30,465,0.064516129032258,15.5,1.0689655172413792,0.0,281.0,104.40666666666668,75.36846643877884,5680.405733333333,6183.0,1.1553502082824707,7113.0,0.0095152854919433,6411.0,0.9405899047851562,0,,GILS_cost
line_30_6.tsp,30,465,0.064516129032258,15.5,1.0689655172413792,0.0,274.0,98.62444444444444,74.07853986908626,5487.630069135802,4101.0,2.1093106269836426,12387.0,0.0095148086547851,3865.0,0.905890703201294,0,,DBMEA_cost
line_30_7.tsp,30,465,0.064516129032258,15.5,1.0689655172413792,0.0,279.0,99.31111111111112,72.36620519497335,5236.867654320988,4292.0,1.826120138168335,10418.0,0.0095138549804687,4698.0,0.7972757816314697,0,,GILS_cost
line_30_8.tsp,30,465,0.064516129032258,15.5,1.0689655172413792,0.0,277.0,88.16888888888889,65.41850170580261,4279.580365432099,5272.0,0.7698101997375488,5582.0,0.0095229148864746,5628.0,0.8540329933166504,0,,GILS_cost
line_30_9.tsp,30,465,0.064516129032258,15.5,1.0689655172413792,0.0,246.0,84.66,65.08587455559514,4236.171066666667,5311.0,1.2909035682678225,6215.0,0.0095045566558837,5359.0,1.0262980461120603,0,,GILS_cost
line_40_0.tsp,40,820,0.048780487804878,20.5,1.051282051282051,0.0,355.0,127.78,91.7425288511277,8416.691599999998,10562.0,2.766395092010498,15878.0,0.0211682319641113,10372.0,2.617738008499145,0,,DBMEA_cost
line_40_1.tsp,40,820,0.048780487804878,20.5,1.051282051282051,0.0,378.0,133.2025,95.32583067432458,9087.01399375,11166.0,2.0699236392974854,15498.0,0.0215928554534912,11782.0,2.704490900039673,0,,GILS_cost
line_40_2.tsp,40,820,0.048780487804878,20.5,1.051282051282051,0.0,376.0,131.915,94.29574632505964,8891.687775,9364.0,3.079066514968872,21422.0,0.021028995513916,8362.0,2.5424644947052,0,,DBMEA_cost
line_40_3.tsp,40,820,0.048780487804878,20.5,1.051282051282051,0.0,393.0,135.93625,97.9551156700736,9595.2046859375,9109.0,2.058657646179199,12053.0,0.0215356349945068,10395.0,2.4663331508636475,0,,GILS_cost
line_40_4.tsp,40,820,0.048780487804878,20.5,1.051282051282051,0.0,374.0,112.0075,81.85108394975597,6699.59994375,8086.0,3.098297119140625,15222.0,0.0225405693054199,8230.0,2.3801136016845703,0,,GILS_cost
line_40_5.tsp,40,820,0.048780487804878,20.5,1.051282051282051,0.0,376.0,118.51375,87.89846307494517,7726.1398109374995,9019.0,2.140660524368286,10233.0,0.0220141410827636,10357.0,2.282236337661743,0,,GILS_cost
line_40_6.tsp,40,820,0.048780487804878,20.5,1.051282051282051,0.0,369.0,116.46625,84.37950794439074,7119.9013609375,10489.0,2.485858917236328,12697.0,0.02201509475708,10549.0,2.47021746635437,0,,GILS_cost
line_40_7.tsp,40,820,0.048780487804878,20.5,1.051282051282051,0.0,376.0,138.665,101.0708552204838,10215.317774999998,9886.0,1.9720466136932373,11502.0,0.0220181941986084,10688.0,3.338783025741577,0,,GILS_cost
line_40_8.tsp,40,820,0.048780487804878,20.5,1.051282051282051,0.0,371.0,132.0225,95.17433736963972,9058.15449375,10506.0,2.9000403881073,15536.0,0.0223636627197265,9618.0,2.67357873916626,0,,DBMEA_cost
line_40_9.tsp,40,820,0.048780487804878,20.5,1.051282051282051,0.0,341.0,113.40375,81.72783024121894,6679.4382359375,7813.0,3.82096266746521,16675.0,0.023019790649414,8201.0,2.37716007232666,0,,GILS_cost
line_50_0.tsp,50,1275,0.0392156862745098,25.5,1.0408163265306123,0.0,461.0,152.4792,109.5409255363492,11999.21436736,11565.0,3.9618113040924072,20473.0,0.0415725708007812,11879.0,4.877816915512085,0,,GILS_cost
line_50_1.tsp,50,1275,0.0392156862745098,25.5,1.0408163265306123,0.0,488.0,164.9504,120.70892899798258,14570.64553984,16642.0,5.540175437927246,28498.0,0.0407366752624511,13324.0,5.524014711380005,0,,DBMEA_cost
line_50_2.tsp,50,1275,0.0392156862745098,25.5,1.0408163265306123,0.0,491.0,180.564,129.39763021013945,16743.746703999997,18451.0,4.750104665756226,27735.0,0.0410468578338623,19343.0,6.042872905731201,0,,GILS_cost
line_50_3.tsp,50,1275,0.0392156862745098,25.5,1.0408163265306123,0.0,485.0,167.3456,119.64479663002484,14314.87736064,16710.0,3.998372077941896,21970.0,0.0410354137420654,16804.0,6.712091445922852,0,,GILS_cost
line_50_4.tsp,50,1275,0.0392156862745098,25.5,1.0408163265306123,0.0,497.0,178.6664,130.3688855173657,16996.04631104,14695.0,4.233505964279175,19467.0,0.0420334339141845,15879.0,6.5193400382995605,0,,GILS_cost
line_50_5.tsp,50,1275,0.0392156862745098,25.5,1.0408163265306123,0.0,488.0,175.2672,128.35505990867674,16475.021404159997,14866.0,4.677603960037232,28456.0,0.0408854484558105,13988.0,4.965826988220215,0,,DBMEA_cost
line_50_6.tsp,50,1275,0.0392156862745098,25.5,1.0408163265306123,0.0,488.0,163.3912,118.84055100242507,14123.076562559998,11513.0,4.112323045730591,18285.0,0.0405566692352294,12361.0,5.563222646713257,0,,GILS_cost
line_50_7.tsp,50,1275,0.0392156862745098,25.5,1.0408163265306123,0.0,495.0,169.5872,121.52037852212278,14767.20239616,15204.0,5.88971734046936,35184.0,0.0404644012451171,16936.0,5.631402015686035,0,,GILS_cost
line_50_8.tsp,50,1275,0.0392156862745098,25.5,1.0408163265306123,0.0,487.0,147.4496,107.29497779411672,11512.21225984,15866.0,5.104918003082275,23210.0,0.0418910980224609,16486.0,5.345238447189331,0,,GILS_cost
line_50_9.tsp,50,1275,0.0392156862745098,25.5,1.0408163265306123,0.0,463.0,152.984,110.04771939481527,12110.500544,17212.0,3.771178960800171,24460.0,0.0440385341644287,16892.0,5.308720111846924,0,,DBMEA_cost
line_60_0.tsp,60,1830,0.0327868852459016,30.5,1.0338983050847457,0.0,589.0,200.09722222222223,142.87569186400214,20413.46332561728,23569.0,8.431230306625366,47623.0,0.0706038475036621,25349.0,9.472960948944092,0,,GILS_cost
line_60_1.tsp,60,1830,0.0327868852459016,30.5,1.0338983050847457,0.0,579.0,192.49944444444444,138.33557026192273,19136.72999969136,25839.0,8.078019618988037,40529.0,0.0715994834899902,25195.0,10.805397748947144,0,,DBMEA_cost
line_60_2.tsp,60,1830,0.0327868852459016,30.5,1.0338983050847457,0.0,594.0,203.82888888888888,145.78503066306945,21253.2751654321,27298.0,9.848395109176636,46012.0,0.0705816745758056,27892.0,8.547023057937622,0,,GILS_cost
line_60_3.tsp,60,1830,0.0327868852459016,30.5,1.0338983050847457,0.0,592.0,198.2422222222222,141.07877703040617,19903.221328395062,27960.0,6.394307613372803,44792.0,0.0719225406646728,25304.0,8.92059588432312,0,,DBMEA_cost
line_60_4.tsp,60,1830,0.0327868852459016,30.5,1.0338983050847457,0.0,596.0,196.9738888888889,140.369701884341,19703.653207098767,27777.0,7.287898063659668,43669.0,0.0717859268188476,21675.0,10.577569007873535,0,,DBMEA_cost
line_60_5.tsp,60,1830,0.0327868852459016,30.5,1.0338983050847457,0.0,593.0,209.37222222222223,149.17451862222595,22253.03700617284,27626.0,8.041392803192139,46778.0,0.0708780288696289,27032.0,7.987145900726318,0,,DBMEA_cost
line_60_6.tsp,60,1830,0.0327868852459016,30.5,1.0338983050847457,0.0,591.0,207.22944444444445,148.40113476551102,22022.89679969136,25233.0,6.805795431137085,39375.0,0.0696768760681152,25719.0,9.831158876419067,0,,GILS_cost
line_60_7.tsp,60,1830,0.0327868852459016,30.5,1.0338983050847457,0.0,592.0,205.39222222222224,148.59082349995597,22079.23282839506,26820.0,8.909592390060425,43414.0,0.0700109004974365,26356.0,10.600741386413574,0,,DBMEA_cost
line_60_8.tsp,60,1830,0.0327868852459016,30.5,1.0338983050847457,0.0,551.0,169.99555555555557,122.0534945661224,14897.055535802469,23308.0,8.5910062789917,36636.0,0.0705893039703369,23498.0,8.895066022872925,0,,GILS_cost
line_60_9.tsp,60,1830,0.0327868852459016,30.5,1.0338983050847457,0.0,597.0,206.58666666666667,150.15596425050856,22546.8136,19584.0,12.373029947280884,55364.0,0.0708775520324707,19674.0,8.600708723068237,0,,GILS_cost
line_70_0.tsp,70,2485,0.028169014084507,35.5,1.0289855072463767,0.0,693.0,238.5722448979592,173.74849958260168,30188.541107205336,28742.0,10.098930835723875,52508.0,0.1113407611846923,31948.0,17.917710065841675,0,,GILS_cost
line_70_1.tsp,70,2485,0.028169014084507,35.5,1.0289855072463767,0.0,697.0,236.1897959183673,171.81025692802115,29518.76438567264,29583.0,18.573846340179443,80503.0,0.1111164093017578,31471.0,17.868586540222168,0,,GILS_cost
line_70_2.tsp,70,2485,0.028169014084507,35.5,1.0289855072463767,0.0,680.0,240.4391836734694,171.31195013938196,29347.78426055809,33228.0,16.704973220825195,68598.0,0.1136600971221923,32818.0,18.054569959640503,0,,DBMEA_cost
line_70_3.tsp,70,2485,0.028169014084507,35.5,1.0289855072463767,0.0,665.0,222.98,159.39133208194585,25405.596742857146,32999.0,13.189301252365112,59931.0,0.1146106719970703,34481.0,17.19459319114685,0,,GILS_cost
line_70_4.tsp,70,2485,0.028169014084507,35.5,1.0289855072463767,0.0,684.0,236.6967346938776,171.6369776935808,29459.252111786755,31235.0,13.49501371383667,62253.0,0.1115908622741699,35333.0,18.365641593933105,0,,GILS_cost
line_70_5.tsp,70,2485,0.028169014084507,35.5,1.0289855072463767,0.0,676.0,242.7975510204081,174.65511389687114,30504.40881032903,37248.0,12.66460919380188,62652.0,0.1106317043304443,37742.0,15.80559253692627,0,,GILS_cost
line_70_6.tsp,70,2485,0.028169014084507,35.5,1.0289855072463767,0.0,680.0,224.6477551020408,161.02125732736954,25927.84531128696,32609.0,12.863229513168337,60107.0,0.110544204711914,28809.0,18.210033893585205,0,,DBMEA_cost
line_70_7.tsp,70,2485,0.028169014084507,35.5,1.0289855072463767,0.0,666.0,219.9918367346939,157.79092837111466,24897.97707621824,32222.0,10.62793254852295,60654.0,0.1113154888153076,27024.0,18.38846492767334,0,,DBMEA_cost
line_70_8.tsp,70,2485,0.028169014084507,35.5,1.0289855072463767,0.0,693.0,216.9261224489796,156.352557693213,24446.12229720949,29237.0,14.731430053710938,60193.0,0.1111681461334228,29417.0,16.235612392425537,0,,GILS_cost
line_70_9.tsp,70,2485,0.028169014084507,35.5,1.0289855072463767,0.0,693.0,236.47918367346932,174.21379480791532,30350.446301374428,23578.0,11.306594848632812,50950.0,0.1106774806976318,24534.0,15.69777512550354,0,,GILS_cost
line_80_0.tsp,80,3240,0.0246913580246913,40.5,1.0253164556962024,0.0,794.0,263.62,190.00985329713825,36103.74435,44116.0,21.422058582305908,93076.0,0.1656832695007324,43370.0,23.9788236618042,0,,DBMEA_cost
line_80_1.tsp,80,3240,0.0246913580246913,40.5,1.0253164556962024,0.0,788.0,256.01375,183.32032023465783,33606.339810937505,46890.0,18.236986875534058,73692.0,0.1616842746734619,48158.0,24.5617949962616,0,,GILS_cost
line_80_2.tsp,80,3240,0.0246913580246913,40.5,1.0253164556962024,0.0,761.0,244.0165625,174.13999946360283,30324.7394131836,47561.0,15.759841680526732,84493.0,0.1651844978332519,43415.0,23.697723150253296,0,,DBMEA_cost
line_80_3.tsp,80,3240,0.0246913580246913,40.5,1.0253164556962024,0.0,789.0,239.9834375,171.9637590109718,29571.534413183592,43901.0,18.454696893692017,82319.0,0.1627023220062255,48665.0,23.54796862602234,0,,GILS_cost
line_80_4.tsp,80,3240,0.0246913580246913,40.5,1.0253164556962024,0.0,775.0,248.1875,176.8896826944692,31289.95984375,34322.0,28.647213459014893,107270.0,0.1662130355834961,32076.0,20.92099404335022,0,,DBMEA_cost
line_80_5.tsp,80,3240,0.0246913580246913,40.5,1.0253164556962024,0.0,785.0,250.7378125,182.34599411617148,33250.06157021484,37775.0,15.331012725830078,80487.0,0.1623885631561279,44365.0,21.795313596725464,0,,GILS_cost
line_80_6.tsp,80,3240,0.0246913580246913,40.5,1.0253164556962024,0.0,795.0,271.021875,195.4679469158163,38207.71827148437,38554.0,24.06847667694092,116352.0,0.162663459777832,45538.0,20.904661655426025,0,,GILS_cost
line_80_7.tsp,80,3240,0.0246913580246913,40.5,1.0253164556962024,0.0,769.0,255.5659375,182.16002244522835,33182.2737772461,48943.0,16.89296269416809,95749.0,0.1636924743652343,46335.0,25.06234908103943,0,,DBMEA_cost
line_80_8.tsp,80,3240,0.0246913580246913,40.5,1.0253164556962024,0.0,785.0,289.48625,207.75769795831272,43163.2610609375,39222.0,11.982096433639526,69946.0,0.1646530628204345,37452.0,20.40735244750977,0,,DBMEA_cost
line_80_9.tsp,80,3240,0.0246913580246913,40.5,1.0253164556962024,0.0,779.0,273.6059375,196.1470829562502,38473.678152246095,49533.0,15.524739980697632,81711.0,0.1626219749450683,49747.0,23.091121196746823,0,,GILS_cost
line_90_0.tsp,90,4095,0.0219780219780219,45.5,1.0224719101123596,0.0,867.0,303.05555555555554,215.89948078323192,46612.58580246913,60579.0,24.80458354949951,132701.0,0.2317657470703125,59731.0,42.30945658683777,0,,DBMEA_cost
line_90_1.tsp,90,4095,0.0219780219780219,45.5,1.0224719101123596,0.0,858.0,281.3664197530864,206.85173448040555,42787.6400575522,48028.0,23.071099042892456,88994.0,0.2353074550628662,41226.0,38.88877487182617,0,,DBMEA_cost
line_90_2.tsp,90,4095,0.0219780219780219,45.5,1.0224719101123596,0.0,867.0,302.04148148148147,215.50870340255324,46444.00124224966,60294.0,23.299392223358154,112956.0,0.2332689762115478,61926.0,37.96606469154358,0,,GILS_cost
line_90_3.tsp,90,4095,0.0219780219780219,45.5,1.0224719101123596,0.0,868.0,290.86567901234565,208.1526178750645,43327.51232824264,46758.0,35.14115619659424,157598.0,0.2312221527099609,53838.0,49.93653845787048,0,,GILS_cost
line_90_4.tsp,90,4095,0.0219780219780219,45.5,1.0224719101123596,0.0,883.0,302.18666666666667,216.08756734364388,46693.83676049383,54936.0,29.06755423545837,131988.0,0.2359836101531982,57484.0,43.23076343536377,0,,GILS_cost
line_90_5.tsp,90,4095,0.0219780219780219,45.5,1.0224719101123596,0.0,889.0,319.53827160493825,226.90898842732392,51487.68902911142,55730.0,35.47709774971008,157350.0,0.2338573932647705,57558.0,36.32697463035584,0,,GILS_cost
line_90_6.tsp,90,4095,0.0219780219780219,45.5,1.0224719101123596,0.0,888.0,297.6874074074074,211.91780159191453,44909.15463155007,48884.0,30.19144368171692,128976.0,0.2323722839355468,45916.0,37.34899020195007,0,,DBMEA_cost
line_90_7.tsp,90,4095,0.0219780219780219,45.5,1.0224719101123596,0.0,862.0,249.93283950617283,181.71242898462603,33019.40684749276,51464.0,28.821121215820312,124368.0,0.2325098514556884,49038.0,44.48333811759949,0,,DBMEA_cost
line_90_8.tsp,90,4095,0.0219780219780219,45.5,1.0224719101123596,0.0,889.0,316.8101234567901,226.89483014581523,51481.26394689834,60845.0,28.28200602531433,123373.0,0.2310578823089599,65825.0,39.74504995346069,0,,GILS_cost
line_90_9.tsp,90,4095,0.0219780219780219,45.5,1.0224719101123596,0.0,875.0,293.4708641975309,209.5011211626061,43890.71976838896,60959.0,29.666181087493896,118075.0,0.2299485206604004,58315.0,44.56393837928772,0,,DBMEA_cost
